original	mapped
1	1
2	2
3	3
4	4
5	5
6	6
7	7
8	8
9	9
10	10
11	11
12	12
13	13
14	14
15	15
16	16
17	17
18	18
19	19
20	20
21	21
22	22
23	23
24	24
25	25
26	26
27	27
28	28
29	29
30	30
31	31
32	32
33	33
34	34
35	35
36	36
37	37
38	38
39	39
40	40
41	41
42	42
43	43
44	44
45	45
46	46
47	47
48	48
49	49
50	50
52	51
53	52
54	53
55	54
56	55
57	56
58	57
59	58
60	59
61	60
62	61
63	62
64	63
65	64
66	65
67	66
68	67
69	68
70	69
71	70
72	71
73	72
74	73
75	74
76	75
77	76
78	77
79	78
80	79
81	80
82	81
83	82
84	83
85	84
86	85
87	86
88	87
89	88
90	89
92	90
93	91
94	92
95	93
96	94
97	95
98	96
99	97
100	98
101	99
102	100
103	101
104	102
105	103
106	104
107	105
108	106
110	107
111	108
112	109
113	110
114	111
116	112
117	113
118	114
119	115
120	116
121	117
122	118
123	119
124	120
125	121
126	122
127	123
128	124
129	125
130	126
131	127
132	128
133	129
134	130
135	131
136	132
137	133
138	134
139	135
140	136
141	137
142	138
144	139
145	140
146	141
147	142
148	143
149	144
150	145
151	146
152	147
153	148
154	149
155	150
156	151
157	152
158	153
159	154
160	155
161	156
162	157
163	158
164	159
165	160
166	161
167	162
168	163
169	164
170	165
171	166
172	167
173	168
174	169
175	170
176	171
177	172
178	173
179	174
180	175
181	176
182	177
183	178
184	179
185	180
186	181
187	182
188	183
189	184
190	185
191	186
192	187
193	188
194	189
195	190
196	191
197	192
198	193
199	194
200	195
201	196
202	197
203	198
204	199
205	200
206	201
207	202
208	203
209	204
210	205
211	206
212	207
213	208
214	209
215	210
216	211
217	212
218	213
219	214
220	215
222	216
223	217
224	218
225	219
226	220
227	221
228	222
229	223
230	224
231	225
232	226
233	227
234	228
235	229
236	230
237	231
238	232
239	233
240	234
241	235
242	236
243	237
244	238
245	239
246	240
247	241
248	242
249	243
250	244
251	245
252	246
253	247
254	248
255	249
256	250
257	251
258	252
259	253
260	254
261	255
262	256
263	257
264	258
265	259
266	260
267	261
268	262
269	263
270	264
271	265
272	266
273	267
274	268
275	269
276	270
277	271
278	272
279	273
280	274
281	275
282	276
283	277
286	278
287	279
288	280
289	281
290	282
291	283
292	284
293	285
294	286
295	287
296	288
297	289
298	290
299	291
300	292
301	293
302	294
303	295
304	296
305	297
306	298
307	299
308	300
309	301
310	302
311	303
312	304
313	305
314	306
315	307
316	308
317	309
318	310
319	311
320	312
321	313
322	314
324	315
325	316
326	317
327	318
328	319
329	320
330	321
331	322
332	323
333	324
334	325
335	326
336	327
337	328
338	329
339	330
340	331
341	332
342	333
343	334
344	335
345	336
346	337
347	338
348	339
349	340
350	341
351	342
352	343
353	344
354	345
355	346
356	347
357	348
358	349
359	350
360	351
361	352
362	353
363	354
364	355
365	356
366	357
367	358
368	359
369	360
370	361
371	362
372	363
373	364
374	365
375	366
376	367
377	368
378	369
379	370
380	371
381	372
382	373
383	374
384	375
385	376
386	377
387	378
388	379
389	380
390	381
391	382
392	383
393	384
394	385
396	386
397	387
398	388
401	389
402	390
404	391
405	392
406	393
407	394
408	395
409	396
410	397
411	398
412	399
413	400
414	401
415	402
416	403
417	404
418	405
419	406
420	407
421	408
422	409
423	410
424	411
425	412
426	413
427	414
428	415
429	416
430	417
431	418
432	419
433	420
434	421
435	422
436	423
437	424
438	425
439	426
440	427
441	428
442	429
443	430
444	431
445	432
446	433
447	434
448	435
449	436
450	437
451	438
452	439
453	440
454	441
455	442
456	443
457	444
458	445
459	446
460	447
461	448
462	449
463	450
464	451
465	452
466	453
467	454
468	455
469	456
470	457
471	458
472	459
473	460
474	461
475	462
476	463
477	464
478	465
479	466
480	467
481	468
482	469
483	470
484	471
485	472
486	473
487	474
488	475
489	476
490	477
491	478
492	479
493	480
494	481
495	482
496	483
497	484
498	485
499	486
500	487
501	488
502	489
503	490
504	491
505	492
506	493
507	494
508	495
509	496
510	497
511	498
512	499
513	500
514	501
515	502
516	503
517	504
518	505
519	506
520	507
521	508
522	509
523	510
524	511
525	512
526	513
527	514
528	515
529	516
530	517
531	518
532	519
533	520
534	521
535	522
536	523
537	524
538	525
539	526
540	527
541	528
542	529
543	530
544	531
545	532
546	533
547	534
548	535
549	536
550	537
551	538
552	539
553	540
554	541
555	542
556	543
557	544
558	545
559	546
560	547
561	548
562	549
563	550
564	551
565	552
566	553
567	554
568	555
569	556
570	557
571	558
572	559
573	560
574	561
575	562
576	563
577	564
578	565
579	566
580	567
581	568
582	569
583	570
584	571
585	572
586	573
587	574
588	575
589	576
590	577
591	578
592	579
593	580
594	581
595	582
596	583
597	584
598	585
599	586
600	587
601	588
602	589
603	590
605	591
606	592
607	593
608	594
609	595
610	596
611	597
612	598
613	599
614	600
615	601
616	602
617	603
618	604
619	605
621	606
623	607
624	608
626	609
627	610
628	611
630	612
631	613
632	614
633	615
634	616
635	617
637	618
638	619
639	620
640	621
641	622
642	623
643	624
644	625
645	626
647	627
648	628
649	629
650	630
651	631
652	632
653	633
655	634
656	635
657	636
658	637
659	638
660	639
661	640
662	641
663	642
664	643
665	644
666	645
667	646
668	647
669	648
670	649
671	650
672	651
673	652
674	653
678	654
679	655
680	656
681	657
682	658
684	659
685	660
687	661
688	662
690	663
691	664
692	665
694	666
695	667
696	668
697	669
698	670
700	671
701	672
702	673
703	674
704	675
705	676
706	677
707	678
708	679
709	680
710	681
711	682
712	683
714	684
715	685
716	686
717	687
718	688
719	689
720	690
722	691
724	692
725	693
726	694
728	695
729	696
730	697
731	698
732	699
733	700
734	701
735	702
736	703
737	704
741	705
742	706
743	707
744	708
745	709
746	710
747	711
748	712
749	713
750	714
751	715
753	716
754	717
755	718
756	719
757	720
758	721
759	722
760	723
761	724
762	725
763	726
764	727
765	728
766	729
767	730
769	731
771	732
774	733
775	734
776	735
778	736
779	737
780	738
781	739
782	740
783	741
784	742
785	743
786	744
787	745
788	746
789	747
790	748
791	749
792	750
793	751
796	752
798	753
799	754
800	755
801	756
802	757
803	758
804	759
805	760
806	761
807	762
808	763
809	764
810	765
811	766
813	767
814	768
815	769
818	770
820	771
821	772
823	773
824	774
826	775
827	776
828	777
829	778
830	779
831	780
832	781
833	782
834	783
835	784
836	785
837	786
838	787
839	788
840	789
841	790
842	791
843	792
844	793
846	794
847	795
848	796
849	797
850	798
851	799
852	800
853	801
854	802
858	803
859	804
860	805
861	806
862	807
863	808
864	809
865	810
866	811
867	812
868	813
869	814
870	815
872	816
874	817
875	818
876	819
877	820
878	821
879	822
880	823
881	824
882	825
884	826
885	827
886	828
887	829
888	830
889	831
891	832
892	833
893	834
895	835
896	836
897	837
898	838
899	839
900	840
901	841
902	842
903	843
904	844
905	845
906	846
907	847
908	848
909	849
910	850
911	851
912	852
913	853
914	854
915	855
916	856
917	857
918	858
919	859
920	860
921	861
922	862
923	863
924	864
925	865
926	866
927	867
928	868
929	869
930	870
931	871
932	872
933	873
934	874
935	875
936	876
937	877
938	878
939	879
940	880
941	881
942	882
943	883
944	884
945	885
946	886
947	887
948	888
949	889
950	890
951	891
952	892
953	893
954	894
955	895
956	896
957	897
958	898
959	899
960	900
961	901
962	902
963	903
964	904
965	905
966	906
967	907
968	908
969	909
970	910
971	911
972	912
973	913
974	914
975	915
976	916
977	917
978	918
980	919
981	920
982	921
984	922
985	923
986	924
987	925
988	926
989	927
990	928
991	929
992	930
993	931
994	932
996	933
997	934
998	935
999	936
1000	937
1002	938
1003	939
1004	940
1005	941
1006	942
1007	943
1008	944
1009	945
1010	946
1011	947
1012	948
1013	949
1014	950
1015	951
1016	952
1017	953
1018	954
1019	955
1020	956
1021	957
1022	958
1023	959
1024	960
1025	961
1026	962
1027	963
1028	964
1029	965
1030	966
1031	967
1032	968
1033	969
1034	970
1035	971
1036	972
1037	973
1038	974
1039	975
1040	976
1041	977
1042	978
1043	979
1044	980
1046	981
1047	982
1049	983
1050	984
1051	985
1053	986
1054	987
1055	988
1056	989
1057	990
1058	991
1059	992
1060	993
1061	994
1062	995
1063	996
1064	997
1066	998
1067	999
1068	1000
1069	1001
1070	1002
1071	1003
1073	1004
1076	1005
1077	1006
1078	1007
1079	1008
1080	1009
1081	1010
1082	1011
1083	1012
1084	1013
1085	1014
1086	1015
1087	1016
1088	1017
1089	1018
1090	1019
1091	1020
1092	1021
1093	1022
1094	1023
1095	1024
1096	1025
1097	1026
1098	1027
1099	1028
1100	1029
1101	1030
1102	1031
1103	1032
1104	1033
1105	1034
1107	1035
1111	1036
1112	1037
1113	1038
1114	1039
1115	1040
1116	1041
1117	1042
1118	1043
1119	1044
1120	1045
1121	1046
1123	1047
1124	1048
1125	1049
1126	1050
1127	1051
1128	1052
1129	1053
1130	1054
1131	1055
1132	1056
1133	1057
1134	1058
1135	1059
1136	1060
1138	1061
1139	1062
1142	1063
1144	1064
1145	1065
1147	1066
1148	1067
1149	1068
1150	1069
1151	1070
1152	1071
1153	1072
1154	1073
1160	1074
1161	1075
1162	1076
1163	1077
1164	1078
1165	1079
1167	1080
1168	1081
1169	1082
1170	1083
1171	1084
1172	1085
1173	1086
1174	1087
1175	1088
1176	1089
1177	1090
1178	1091
1179	1092
1180	1093
1181	1094
1183	1095
1184	1096
1185	1097
1186	1098
1187	1099
1188	1100
1189	1101
1190	1102
1191	1103
1192	1104
1193	1105
1194	1106
1196	1107
1197	1108
1198	1109
1199	1110
1200	1111
1201	1112
1202	1113
1203	1114
1204	1115
1205	1116
1206	1117
1207	1118
1208	1119
1209	1120
1210	1121
1211	1122
1212	1123
1213	1124
1214	1125
1215	1126
1216	1127
1217	1128
1218	1129
1219	1130
1220	1131
1221	1132
1222	1133
1223	1134
1224	1135
1225	1136
1226	1137
1227	1138
1228	1139
1230	1140
1231	1141
1232	1142
1233	1143
1234	1144
1235	1145
1236	1146
1237	1147
1238	1148
1240	1149
1241	1150
1242	1151
1243	1152
1244	1153
1245	1154
1246	1155
1247	1156
1248	1157
1249	1158
1250	1159
1251	1160
1252	1161
1253	1162
1254	1163
1255	1164
1256	1165
1257	1166
1258	1167
1259	1168
1260	1169
1261	1170
1262	1171
1263	1172
1264	1173
1265	1174
1266	1175
1267	1176
1268	1177
1269	1178
1270	1179
1271	1180
1272	1181
1273	1182
1274	1183
1275	1184
1276	1185
1277	1186
1278	1187
1279	1188
1280	1189
1281	1190
1282	1191
1283	1192
1284	1193
1285	1194
1286	1195
1287	1196
1288	1197
1289	1198
1290	1199
1291	1200
1292	1201
1293	1202
1294	1203
1295	1204
1296	1205
1297	1206
1298	1207
1299	1208
1300	1209
1301	1210
1302	1211
1303	1212
1304	1213
1305	1214
1306	1215
1307	1216
1310	1217
1311	1218
1312	1219
1313	1220
1315	1221
1316	1222
1317	1223
1320	1224
1321	1225
1322	1226
1323	1227
1324	1228
1325	1229
1326	1230
1327	1231
1328	1232
1329	1233
1330	1234
1331	1235
1332	1236
1333	1237
1334	1238
1335	1239
1336	1240
1337	1241
1339	1242
1340	1243
1341	1244
1342	1245
1343	1246
1344	1247
1345	1248
1346	1249
1347	1250
1348	1251
1349	1252
1350	1253
1351	1254
1352	1255
1353	1256
1354	1257
1355	1258
1356	1259
1357	1260
1358	1261
1359	1262
1360	1263
1361	1264
1362	1265
1363	1266
1364	1267
1365	1268
1366	1269
1367	1270
1369	1271
1370	1272
1371	1273
1372	1274
1373	1275
1374	1276
1375	1277
1376	1278
1377	1279
1378	1280
1379	1281
1380	1282
1381	1283
1382	1284
1383	1285
1384	1286
1385	1287
1386	1288
1387	1289
1388	1290
1389	1291
1390	1292
1391	1293
1392	1294
1393	1295
1394	1296
1395	1297
1396	1298
1397	1299
1398	1300
1399	1301
1401	1302
1404	1303
1405	1304
1406	1305
1407	1306
1408	1307
1409	1308
1410	1309
1411	1310
1412	1311
1413	1312
1414	1313
1415	1314
1416	1315
1417	1316
1419	1317
1420	1318
1421	1319
1422	1320
1423	1321
1425	1322
1426	1323
1427	1324
1428	1325
1429	1326
1430	1327
1431	1328
1432	1329
1433	1330
1434	1331
1436	1332
1437	1333
1438	1334
1439	1335
1440	1336
1441	1337
1442	1338
1444	1339
1445	1340
1446	1341
1447	1342
1449	1343
1450	1344
1453	1345
1454	1346
1455	1347
1456	1348
1457	1349
1458	1350
1459	1351
1460	1352
1461	1353
1463	1354
1464	1355
1465	1356
1466	1357
1468	1358
1470	1359
1471	1360
1472	1361
1473	1362
1474	1363
1475	1364
1476	1365
1477	1366
1479	1367
1480	1368
1482	1369
1483	1370
1484	1371
1485	1372
1486	1373
1487	1374
1488	1375
1489	1376
1490	1377
1493	1378
1494	1379
1495	1380
1496	1381
1497	1382
1498	1383
1499	1384
1500	1385
1501	1386
1502	1387
1503	1388
1504	1389
1507	1390
1508	1391
1509	1392
1510	1393
1511	1394
1513	1395
1514	1396
1515	1397
1516	1398
1517	1399
1518	1400
1519	1401
1520	1402
1522	1403
1523	1404
1525	1405
1526	1406
1527	1407
1528	1408
1529	1409
1531	1410
1532	1411
1533	1412
1534	1413
1535	1414
1537	1415
1538	1416
1539	1417
1541	1418
1542	1419
1543	1420
1544	1421
1545	1422
1546	1423
1547	1424
1548	1425
1549	1426
1550	1427
1551	1428
1552	1429
1553	1430
1554	1431
1555	1432
1556	1433
1558	1434
1561	1435
1562	1436
1563	1437
1564	1438
1565	1439
1566	1440
1567	1441
1569	1442
1570	1443
1571	1444
1572	1445
1573	1446
1574	1447
1575	1448
1579	1449
1580	1450
1581	1451
1582	1452
1583	1453
1584	1454
1585	1455
1586	1456
1587	1457
1588	1458
1589	1459
1590	1460
1591	1461
1592	1462
1593	1463
1594	1464
1595	1465
1596	1466
1597	1467
1598	1468
1599	1469
1600	1470
1601	1471
1602	1472
1603	1473
1604	1474
1605	1475
1606	1476
1608	1477
1609	1478
1610	1479
1611	1480
1612	1481
1613	1482
1614	1483
1615	1484
1616	1485
1617	1486
1619	1487
1620	1488
1621	1489
1622	1490
1623	1491
1624	1492
1625	1493
1626	1494
1627	1495
1629	1496
1630	1497
1631	1498
1632	1499
1633	1500
1635	1501
1636	1502
1639	1503
1640	1504
1641	1505
1642	1506
1643	1507
1644	1508
1645	1509
1646	1510
1647	1511
1648	1512
1649	1513
1650	1514
1651	1515
1652	1516
1653	1517
1654	1518
1655	1519
1656	1520
1657	1521
1658	1522
1659	1523
1660	1524
1661	1525
1662	1526
1663	1527
1664	1528
1665	1529
1666	1530
1667	1531
1668	1532
1669	1533
1670	1534
1671	1535
1672	1536
1673	1537
1674	1538
1675	1539
1676	1540
1677	1541
1678	1542
1679	1543
1680	1544
1681	1545
1682	1546
1683	1547
1684	1548
1685	1549
1686	1550
1687	1551
1688	1552
1689	1553
1690	1554
1692	1555
1693	1556
1694	1557
1695	1558
1696	1559
1699	1560
1701	1561
1702	1562
1703	1563
1704	1564
1707	1565
1709	1566
1711	1567
1713	1568
1714	1569
1715	1570
1717	1571
1718	1572
1719	1573
1720	1574
1721	1575
1722	1576
1724	1577
1725	1578
1726	1579
1727	1580
1728	1581
1729	1582
1730	1583
1731	1584
1732	1585
1733	1586
1734	1587
1735	1588
1739	1589
1741	1590
1743	1591
1744	1592
1746	1593
1747	1594
1748	1595
1749	1596
1750	1597
1752	1598
1753	1599
1754	1600
1755	1601
1756	1602
1758	1603
1759	1604
1760	1605
1762	1606
1764	1607
1767	1608
1769	1609
1770	1610
1771	1611
1772	1612
1773	1613
1777	1614
1779	1615
1780	1616
1782	1617
1783	1618
1784	1619
1785	1620
1787	1621
1788	1622
1791	1623
1792	1624
1793	1625
1794	1626
1795	1627
1796	1628
1797	1629
1798	1630
1799	1631
1801	1632
1804	1633
1805	1634
1806	1635
1807	1636
1809	1637
1810	1638
1811	1639
1812	1640
1814	1641
1815	1642
1816	1643
1817	1644
1820	1645
1821	1646
1822	1647
1824	1648
1825	1649
1826	1650
1827	1651
1829	1652
1830	1653
1831	1654
1832	1655
1833	1656
1834	1657
1835	1658
1836	1659
1837	1660
1839	1661
1840	1662
1841	1663
1842	1664
1843	1665
1844	1666
1845	1667
1846	1668
1848	1669
1849	1670
1850	1671
1851	1672
1852	1673
1853	1674
1854	1675
1855	1676
1856	1677
1857	1678
1858	1679
1859	1680
1860	1681
1861	1682
1862	1683
1863	1684
1864	1685
1865	1686
1866	1687
1867	1688
1868	1689
1869	1690
1870	1691
1871	1692
1872	1693
1873	1694
1874	1695
1875	1696
1876	1697
1877	1698
1878	1699
1879	1700
1880	1701
1881	1702
1882	1703
1883	1704
1884	1705
1885	1706
1886	1707
1887	1708
1888	1709
1889	1710
1890	1711
1891	1712
1892	1713
1893	1714
1894	1715
1895	1716
1896	1717
1897	1718
1898	1719
1899	1720
1900	1721
1901	1722
1902	1723
1903	1724
1904	1725
1905	1726
1906	1727
1907	1728
1908	1729
1909	1730
1910	1731
1911	1732
1912	1733
1913	1734
1914	1735
1915	1736
1916	1737
1917	1738
1918	1739
1919	1740
1920	1741
1921	1742
1922	1743
1923	1744
1924	1745
1925	1746
1926	1747
1927	1748
1928	1749
1929	1750
1930	1751
1931	1752
1932	1753
1933	1754
1934	1755
1935	1756
1936	1757
1937	1758
1938	1759
1939	1760
1940	1761
1941	1762
1942	1763
1943	1764
1944	1765
1945	1766
1946	1767
1947	1768
1948	1769
1949	1770
1950	1771
1951	1772
1952	1773
1953	1774
1954	1775
1955	1776
1956	1777
1957	1778
1958	1779
1959	1780
1960	1781
1961	1782
1962	1783
1963	1784
1964	1785
1965	1786
1966	1787
1967	1788
1968	1789
1969	1790
1970	1791
1971	1792
1972	1793
1973	1794
1974	1795
1975	1796
1976	1797
1977	1798
1978	1799
1979	1800
1980	1801
1981	1802
1982	1803
1983	1804
1984	1805
1985	1806
1986	1807
1987	1808
1988	1809
1989	1810
1990	1811
1991	1812
1992	1813
1993	1814
1994	1815
1995	1816
1996	1817
1997	1818
1998	1819
1999	1820
2000	1821
2001	1822
2002	1823
2003	1824
2004	1825
2005	1826
2006	1827
2007	1828
2008	1829
2009	1830
2010	1831
2011	1832
2012	1833
2013	1834
2014	1835
2015	1836
2016	1837
2017	1838
2018	1839
2019	1840
2020	1841
2021	1842
2022	1843
2023	1844
2024	1845
2025	1846
2026	1847
2027	1848
2028	1849
2029	1850
2031	1851
2032	1852
2033	1853
2034	1854
2035	1855
2036	1856
2037	1857
2038	1858
2039	1859
2040	1860
2041	1861
2042	1862
2043	1863
2044	1864
2045	1865
2046	1866
2047	1867
2048	1868
2049	1869
2050	1870
2051	1871
2052	1872
2053	1873
2054	1874
2055	1875
2056	1876
2057	1877
2058	1878
2059	1879
2060	1880
2061	1881
2062	1882
2063	1883
2064	1884
2065	1885
2066	1886
2067	1887
2068	1888
2069	1889
2070	1890
2071	1891
2072	1892
2073	1893
2074	1894
2075	1895
2076	1896
2077	1897
2078	1898
2079	1899
2080	1900
2081	1901
2082	1902
2083	1903
2084	1904
2085	1905
2086	1906
2087	1907
2088	1908
2089	1909
2090	1910
2091	1911
2092	1912
2093	1913
2094	1914
2095	1915
2096	1916
2097	1917
2098	1918
2099	1919
2100	1920
2101	1921
2102	1922
2103	1923
2104	1924
2105	1925
2106	1926
2107	1927
2108	1928
2109	1929
2110	1930
2111	1931
2112	1932
2113	1933
2114	1934
2115	1935
2116	1936
2117	1937
2118	1938
2119	1939
2120	1940
2121	1941
2122	1942
2123	1943
2124	1944
2125	1945
2126	1946
2127	1947
2128	1948
2129	1949
2130	1950
2131	1951
2132	1952
2133	1953
2134	1954
2135	1955
2136	1956
2137	1957
2138	1958
2139	1959
2140	1960
2141	1961
2142	1962
2143	1963
2144	1964
2145	1965
2146	1966
2147	1967
2148	1968
2149	1969
2150	1970
2151	1971
2152	1972
2153	1973
2154	1974
2155	1975
2156	1976
2157	1977
2158	1978
2159	1979
2160	1980
2161	1981
2162	1982
2163	1983
2164	1984
2165	1985
2166	1986
2167	1987
2168	1988
2169	1989
2170	1990
2171	1991
2172	1992
2173	1993
2174	1994
2175	1995
2176	1996
2177	1997
2178	1998
2179	1999
2180	2000
2181	2001
2182	2002
2183	2003
2184	2004
2185	2005
2186	2006
2187	2007
2188	2008
2189	2009
2190	2010
2191	2011
2192	2012
2193	2013
2194	2014
2195	2015
2196	2016
2197	2017
2198	2018
2200	2019
2201	2020
2202	2021
2203	2022
2204	2023
2205	2024
2206	2025
2207	2026
2208	2027
2209	2028
2210	2029
2211	2030
2212	2031
2213	2032
2214	2033
2215	2034
2217	2035
2218	2036
2219	2037
2221	2038
2223	2039
2226	2040
2227	2041
2231	2042
2232	2043
2233	2044
2234	2045
2235	2046
2236	2047
2237	2048
2238	2049
2239	2050
2240	2051
2241	2052
2242	2053
2243	2054
2244	2055
2245	2056
2246	2057
2247	2058
2248	2059
2249	2060
2250	2061
2251	2062
2252	2063
2253	2064
2254	2065
2255	2066
2256	2067
2257	2068
2258	2069
2259	2070
2260	2071
2261	2072
2262	2073
2263	2074
2264	2075
2265	2076
2266	2077
2267	2078
2268	2079
2269	2080
2271	2081
2272	2082
2273	2083
2275	2084
2276	2085
2277	2086
2278	2087
2279	2088
2280	2089
2281	2090
2282	2091
2283	2092
2284	2093
2285	2094
2286	2095
2287	2096
2288	2097
2289	2098
2290	2099
2291	2100
2292	2101
2293	2102
2294	2103
2295	2104
2296	2105
2297	2106
2298	2107
2299	2108
2300	2109
2301	2110
2302	2111
2303	2112
2304	2113
2305	2114
2306	2115
2307	2116
2308	2117
2309	2118
2310	2119
2311	2120
2312	2121
2313	2122
2314	2123
2315	2124
2316	2125
2317	2126
2318	2127
2320	2128
2321	2129
2322	2130
2323	2131
2324	2132
2325	2133
2326	2134
2327	2135
2328	2136
2329	2137
2330	2138
2331	2139
2332	2140
2333	2141
2334	2142
2335	2143
2336	2144
2337	2145
2338	2146
2339	2147
2340	2148
2341	2149
2342	2150
2343	2151
2344	2152
2345	2153
2346	2154
2347	2155
2348	2156
2349	2157
2350	2158
2351	2159
2352	2160
2353	2161
2354	2162
2355	2163
2356	2164
2357	2165
2358	2166
2359	2167
2360	2168
2361	2169
2362	2170
2363	2171
2364	2172
2365	2173
2366	2174
2367	2175
2368	2176
2369	2177
2370	2178
2371	2179
2372	2180
2373	2181
2374	2182
2375	2183
2376	2184
2377	2185
2378	2186
2379	2187
2380	2188
2381	2189
2382	2190
2383	2191
2384	2192
2385	2193
2386	2194
2387	2195
2388	2196
2389	2197
2390	2198
2391	2199
2392	2200
2393	2201
2394	2202
2395	2203
2396	2204
2397	2205
2398	2206
2399	2207
2400	2208
2401	2209
2402	2210
2403	2211
2404	2212
2405	2213
2406	2214
2407	2215
2408	2216
2409	2217
2410	2218
2411	2219
2412	2220
2413	2221
2414	2222
2415	2223
2416	2224
2417	2225
2418	2226
2419	2227
2420	2228
2421	2229
2422	2230
2423	2231
2424	2232
2425	2233
2426	2234
2427	2235
2428	2236
2429	2237
2430	2238
2431	2239
2432	2240
2433	2241
2434	2242
2435	2243
2436	2244
2437	2245
2438	2246
2439	2247
2440	2248
2441	2249
2442	2250
2443	2251
2444	2252
2445	2253
2446	2254
2447	2255
2448	2256
2449	2257
2450	2258
2451	2259
2452	2260
2453	2261
2454	2262
2455	2263
2456	2264
2457	2265
2458	2266
2459	2267
2460	2268
2461	2269
2462	2270
2463	2271
2464	2272
2465	2273
2466	2274
2467	2275
2468	2276
2469	2277
2470	2278
2471	2279
2472	2280
2473	2281
2474	2282
2475	2283
2476	2284
2477	2285
2478	2286
2479	2287
2480	2288
2481	2289
2482	2290
2483	2291
2484	2292
2485	2293
2486	2294
2487	2295
2488	2296
2490	2297
2491	2298
2492	2299
2493	2300
2494	2301
2495	2302
2496	2303
2497	2304
2498	2305
2499	2306
2500	2307
2501	2308
2502	2309
2503	2310
2504	2311
2505	2312
2506	2313
2507	2314
2509	2315
2510	2316
2511	2317
2512	2318
2513	2319
2514	2320
2515	2321
2516	2322
2517	2323
2518	2324
2519	2325
2520	2326
2521	2327
2522	2328
2523	2329
2524	2330
2525	2331
2526	2332
2527	2333
2528	2334
2529	2335
2530	2336
2531	2337
2532	2338
2533	2339
2534	2340
2535	2341
2536	2342
2537	2343
2538	2344
2539	2345
2540	2346
2541	2347
2542	2348
2543	2349
2544	2350
2545	2351
2546	2352
2548	2353
2549	2354
2550	2355
2551	2356
2552	2357
2553	2358
2554	2359
2555	2360
2556	2361
2557	2362
2558	2363
2559	2364
2560	2365
2561	2366
2562	2367
2563	2368
2565	2369
2566	2370
2567	2371
2568	2372
2569	2373
2570	2374
2571	2375
2572	2376
2573	2377
2574	2378
2575	2379
2576	2380
2577	2381
2578	2382
2579	2383
2580	2384
2581	2385
2582	2386
2583	2387
2584	2388
2585	2389
2586	2390
2587	2391
2589	2392
2590	2393
2591	2394
2592	2395
2593	2396
2594	2397
2596	2398
2597	2399
2598	2400
2599	2401
2600	2402
2602	2403
2605	2404
2606	2405
2607	2406
2608	2407
2609	2408
2610	2409
2611	2410
2612	2411
2613	2412
2614	2413
2615	2414
2616	2415
2617	2416
2618	2417
2619	2418
2620	2419
2621	2420
2622	2421
2623	2422
2624	2423
2625	2424
2626	2425
2627	2426
2628	2427
2629	2428
2630	2429
2631	2430
2632	2431
2633	2432
2634	2433
2635	2434
2636	2435
2637	2436
2638	2437
2639	2438
2640	2439
2641	2440
2642	2441
2643	2442
2644	2443
2645	2444
2646	2445
2647	2446
2648	2447
2649	2448
2650	2449
2651	2450
2652	2451
2653	2452
2654	2453
2655	2454
2656	2455
2657	2456
2658	2457
2659	2458
2660	2459
2661	2460
2662	2461
2663	2462
2664	2463
2665	2464
2666	2465
2667	2466
2668	2467
2669	2468
2670	2469
2671	2470
2672	2471
2673	2472
2674	2473
2675	2474
2676	2475
2677	2476
2678	2477
2679	2478
2681	2479
2682	2480
2683	2481
2685	2482
2686	2483
2687	2484
2688	2485
2689	2486
2690	2487
2691	2488
2692	2489
2693	2490
2694	2491
2695	2492
2696	2493
2697	2494
2699	2495
2700	2496
2701	2497
2702	2498
2703	2499
2704	2500
2705	2501
2706	2502
2707	2503
2708	2504
2709	2505
2710	2506
2711	2507
2712	2508
2713	2509
2714	2510
2715	2511
2716	2512
2717	2513
2718	2514
2719	2515
2720	2516
2721	2517
2722	2518
2723	2519
2724	2520
2725	2521
2726	2522
2727	2523
2728	2524
2729	2525
2730	2526
2731	2527
2732	2528
2733	2529
2734	2530
2735	2531
2736	2532
2737	2533
2738	2534
2739	2535
2740	2536
2741	2537
2742	2538
2743	2539
2744	2540
2745	2541
2746	2542
2747	2543
2748	2544
2749	2545
2750	2546
2751	2547
2752	2548
2753	2549
2754	2550
2755	2551
2756	2552
2757	2553
2758	2554
2759	2555
2760	2556
2761	2557
2762	2558
2763	2559
2764	2560
2765	2561
2766	2562
2767	2563
2768	2564
2769	2565
2770	2566
2771	2567
2772	2568
2773	2569
2774	2570
2775	2571
2776	2572
2777	2573
2778	2574
2779	2575
2780	2576
2781	2577
2782	2578
2783	2579
2784	2580
2785	2581
2786	2582
2787	2583
2788	2584
2789	2585
2790	2586
2791	2587
2792	2588
2793	2589
2794	2590
2795	2591
2796	2592
2797	2593
2798	2594
2799	2595
2800	2596
2801	2597
2802	2598
2803	2599
2804	2600
2805	2601
2806	2602
2807	2603
2808	2604
2809	2605
2810	2606
2811	2607
2812	2608
2813	2609
2814	2610
2815	2611
2816	2612
2817	2613
2818	2614
2819	2615
2820	2616
2821	2617
2822	2618
2823	2619
2824	2620
2825	2621
2826	2622
2827	2623
2828	2624
2829	2625
2830	2626
2831	2627
2833	2628
2834	2629
2835	2630
2836	2631
2837	2632
2839	2633
2840	2634
2841	2635
2842	2636
2843	2637
2844	2638
2845	2639
2846	2640
2847	2641
2848	2642
2849	2643
2850	2644
2851	2645
2852	2646
2853	2647
2854	2648
2855	2649
2856	2650
2857	2651
2858	2652
2859	2653
2860	2654
2861	2655
2862	2656
2863	2657
2864	2658
2865	2659
2866	2660
2867	2661
2868	2662
2869	2663
2870	2664
2871	2665
2872	2666
2873	2667
2874	2668
2875	2669
2876	2670
2877	2671
2878	2672
2879	2673
2880	2674
2881	2675
2882	2676
2883	2677
2884	2678
2885	2679
2886	2680
2887	2681
2888	2682
2889	2683
2890	2684
2891	2685
2892	2686
2893	2687
2894	2688
2895	2689
2896	2690
2897	2691
2898	2692
2899	2693
2900	2694
2901	2695
2902	2696
2903	2697
2904	2698
2905	2699
2906	2700
2907	2701
2908	2702
2909	2703
2911	2704
2912	2705
2913	2706
2914	2707
2915	2708
2916	2709
2917	2710
2918	2711
2919	2712
2920	2713
2921	2714
2922	2715
2923	2716
2924	2717
2925	2718
2926	2719
2927	2720
2928	2721
2929	2722
2930	2723
2931	2724
2932	2725
2933	2726
2934	2727
2935	2728
2936	2729
2937	2730
2938	2731
2939	2732
2940	2733
2941	2734
2942	2735
2943	2736
2944	2737
2945	2738
2946	2739
2947	2740
2948	2741
2949	2742
2950	2743
2951	2744
2952	2745
2953	2746
2955	2747
2956	2748
2959	2749
2960	2750
2961	2751
2962	2752
2963	2753
2964	2754
2965	2755
2966	2756
2967	2757
2968	2758
2969	2759
2970	2760
2971	2761
2972	2762
2973	2763
2974	2764
2975	2765
2976	2766
2977	2767
2978	2768
2979	2769
2981	2770
2982	2771
2983	2772
2984	2773
2985	2774
2986	2775
2987	2776
2988	2777
2989	2778
2990	2779
2991	2780
2992	2781
2993	2782
2994	2783
2995	2784
2996	2785
2997	2786
2998	2787
2999	2788
3000	2789
3001	2790
3002	2791
3003	2792
3004	2793
3005	2794
3006	2795
3007	2796
3008	2797
3010	2798
3011	2799
3012	2800
3013	2801
3014	2802
3015	2803
3016	2804
3017	2805
3018	2806
3019	2807
3020	2808
3021	2809
3022	2810
3024	2811
3025	2812
3026	2813
3027	2814
3028	2815
3029	2816
3030	2817
3031	2818
3032	2819
3033	2820
3034	2821
3035	2822
3036	2823
3037	2824
3038	2825
3039	2826
3040	2827
3041	2828
3042	2829
3043	2830
3044	2831
3045	2832
3046	2833
3047	2834
3048	2835
3049	2836
3050	2837
3051	2838
3052	2839
3053	2840
3054	2841
3055	2842
3056	2843
3057	2844
3058	2845
3060	2846
3061	2847
3062	2848
3063	2849
3064	2850
3065	2851
3066	2852
3067	2853
3068	2854
3069	2855
3070	2856
3071	2857
3072	2858
3073	2859
3074	2860
3075	2861
3076	2862
3077	2863
3078	2864
3079	2865
3081	2866
3082	2867
3083	2868
3084	2869
3085	2870
3086	2871
3087	2872
3088	2873
3089	2874
3090	2875
3091	2876
3092	2877
3093	2878
3094	2879
3095	2880
3096	2881
3097	2882
3098	2883
3099	2884
3100	2885
3101	2886
3102	2887
3103	2888
3104	2889
3105	2890
3106	2891
3107	2892
3108	2893
3109	2894
3110	2895
3111	2896
3112	2897
3113	2898
3114	2899
3115	2900
3116	2901
3117	2902
3118	2903
3119	2904
3120	2905
3121	2906
3122	2907
3123	2908
3124	2909
3125	2910
3126	2911
3127	2912
3128	2913
3129	2914
3130	2915
3131	2916
3132	2917
3133	2918
3134	2919
3135	2920
3136	2921
3137	2922
3138	2923
3139	2924
3140	2925
3141	2926
3142	2927
3143	2928
3144	2929
3145	2930
3146	2931
3147	2932
3148	2933
3149	2934
3150	2935
3151	2936
3152	2937
3153	2938
3154	2939
3155	2940
3156	2941
3157	2942
3158	2943
3159	2944
3160	2945
3161	2946
3162	2947
3163	2948
3164	2949
3165	2950
3166	2951
3167	2952
3168	2953
3169	2954
3171	2955
3172	2956
3173	2957
3174	2958
3175	2959
3176	2960
3177	2961
3178	2962
3179	2963
3180	2964
3181	2965
3182	2966
3183	2967
3184	2968
3185	2969
3186	2970
3187	2971
3188	2972
3189	2973
3190	2974
3192	2975
3194	2976
3196	2977
3197	2978
3198	2979
3199	2980
3200	2981
3201	2982
3202	2983
3203	2984
3204	2985
3205	2986
3206	2987
3207	2988
3208	2989
3209	2990
3210	2991
3211	2992
3212	2993
3213	2994
3214	2995
3215	2996
3216	2997
3217	2998
3218	2999
3219	3000
3220	3001
3221	3002
3222	3003
3223	3004
3224	3005
3225	3006
3228	3007
3229	3008
3230	3009
3232	3010
3233	3011
3235	3012
3236	3013
3237	3014
3238	3015
3239	3016
3240	3017
3241	3018
3242	3019
3243	3020
3244	3021
3245	3022
3246	3023
3247	3024
3248	3025
3249	3026
3250	3027
3251	3028
3252	3029
3253	3030
3254	3031
3255	3032
3256	3033
3257	3034
3258	3035
3259	3036
3260	3037
3261	3038
3262	3039
3263	3040
3264	3041
3265	3042
3266	3043
3267	3044
3268	3045
3269	3046
3270	3047
3271	3048
3272	3049
3273	3050
3274	3051
3275	3052
3276	3053
3277	3054
3280	3055
3281	3056
3282	3057
3283	3058
3284	3059
3285	3060
3286	3061
3287	3062
3288	3063
3289	3064
3290	3065
3291	3066
3292	3067
3293	3068
3294	3069
3295	3070
3296	3071
3297	3072
3298	3073
3299	3074
3300	3075
3301	3076
3302	3077
3303	3078
3304	3079
3305	3080
3306	3081
3307	3082
3308	3083
3309	3084
3310	3085
3311	3086
3312	3087
3313	3088
3314	3089
3315	3090
3316	3091
3317	3092
3318	3093
3319	3094
3320	3095
3321	3096
3322	3097
3323	3098
3324	3099
3325	3100
3326	3101
3327	3102
3328	3103
3329	3104
3330	3105
3331	3106
3333	3107
3334	3108
3335	3109
3336	3110
3337	3111
3338	3112
3339	3113
3340	3114
3341	3115
3342	3116
3343	3117
3344	3118
3345	3119
3346	3120
3347	3121
3349	3122
3350	3123
3351	3124
3352	3125
3353	3126
3354	3127
3355	3128
3357	3129
3358	3130
3359	3131
3360	3132
3361	3133
3362	3134
3363	3135
3364	3136
3365	3137
3366	3138
3367	3139
3368	3140
3370	3141
3371	3142
3372	3143
3373	3144
3374	3145
3375	3146
3376	3147
3377	3148
3378	3149
3379	3150
3380	3151
3381	3152
3382	3153
3384	3154
3385	3155
3386	3156
3387	3157
3388	3158
3389	3159
3390	3160
3391	3161
3392	3162
3393	3163
3394	3164
3395	3165
3396	3166
3397	3167
3398	3168
3399	3169
3400	3170
3401	3171
3402	3172
3403	3173
3404	3174
3405	3175
3406	3176
3407	3177
3408	3178
3409	3179
3410	3180
3412	3181
3413	3182
3414	3183
3415	3184
3416	3185
3417	3186
3418	3187
3419	3188
3420	3189
3421	3190
3422	3191
3423	3192
3424	3193
3425	3194
3426	3195
3427	3196
3428	3197
3429	3198
3430	3199
3431	3200
3432	3201
3433	3202
3434	3203
3435	3204
3436	3205
3437	3206
3438	3207
3439	3208
3440	3209
3441	3210
3442	3211
3443	3212
3444	3213
3445	3214
3446	3215
3447	3216
3448	3217
3449	3218
3450	3219
3451	3220
3452	3221
3453	3222
3454	3223
3456	3224
3457	3225
3458	3226
3459	3227
3460	3228
3461	3229
3462	3230
3463	3231
3464	3232
3465	3233
3466	3234
3467	3235
3468	3236
3469	3237
3470	3238
3471	3239
3472	3240
3473	3241
3474	3242
3475	3243
3476	3244
3477	3245
3478	3246
3479	3247
3480	3248
3481	3249
3482	3250
3483	3251
3484	3252
3485	3253
3486	3254
3487	3255
3488	3256
3489	3257
3490	3258
3491	3259
3492	3260
3493	3261
3494	3262
3495	3263
3496	3264
3497	3265
3498	3266
3499	3267
3500	3268
3501	3269
3502	3270
3503	3271
3504	3272
3505	3273
3506	3274
3507	3275
3508	3276
3509	3277
3510	3278
3511	3279
3512	3280
3513	3281
3514	3282
3515	3283
3516	3284
3517	3285
3518	3286
3519	3287
3520	3288
3521	3289
3522	3290
3523	3291
3524	3292
3525	3293
3526	3294
3527	3295
3528	3296
3529	3297
3530	3298
3531	3299
3532	3300
3533	3301
3534	3302
3535	3303
3536	3304
3537	3305
3538	3306
3539	3307
3540	3308
3542	3309
3543	3310
3544	3311
3545	3312
3546	3313
3547	3314
3548	3315
3549	3316
3550	3317
3551	3318
3552	3319
3553	3320
3554	3321
3555	3322
3556	3323
3557	3324
3559	3325
3562	3326
3563	3327
3564	3328
3565	3329
3566	3330
3567	3331
3568	3332
3569	3333
3570	3334
3571	3335
3572	3336
3573	3337
3574	3338
3575	3339
3576	3340
3577	3341
3578	3342
3579	3343
3580	3344
3581	3345
3584	3346
3585	3347
3586	3348
3587	3349
3588	3350
3590	3351
3591	3352
3592	3353
3593	3354
3594	3355
3595	3356
3596	3357
3597	3358
3598	3359
3599	3360
3600	3361
3601	3362
3602	3363
3603	3364
3604	3365
3605	3366
3606	3367
3607	3368
3608	3369
3609	3370
3610	3371
3611	3372
3612	3373
3613	3374
3614	3375
3615	3376
3616	3377
3617	3378
3618	3379
3619	3380
3620	3381
3621	3382
3622	3383
3623	3384
3624	3385
3625	3386
3626	3387
3627	3388
3628	3389
3629	3390
3631	3391
3632	3392
3633	3393
3634	3394
3635	3395
3636	3396
3637	3397
3638	3398
3639	3399
3640	3400
3641	3401
3642	3402
3643	3403
3644	3404
3645	3405
3646	3406
3647	3407
3648	3408
3649	3409
3651	3410
3652	3411
3653	3412
3654	3413
3655	3414
3656	3415
3657	3416
3658	3417
3659	3418
3660	3419
3661	3420
3662	3421
3663	3422
3664	3423
3665	3424
3666	3425
3667	3426
3668	3427
3669	3428
3670	3429
3671	3430
3672	3431
3673	3432
3674	3433
3675	3434
3676	3435
3677	3436
3678	3437
3679	3438
3680	3439
3681	3440
3682	3441
3683	3442
3684	3443
3685	3444
3686	3445
3687	3446
3688	3447
3689	3448
3690	3449
3691	3450
3692	3451
3693	3452
3694	3453
3695	3454
3696	3455
3697	3456
3698	3457
3699	3458
3700	3459
3701	3460
3702	3461
3703	3462
3704	3463
3705	3464
3706	3465
3707	3466
3708	3467
3709	3468
3710	3469
3711	3470
3712	3471
3713	3472
3714	3473
3715	3474
3716	3475
3717	3476
3718	3477
3719	3478
3720	3479
3721	3480
3722	3481
3723	3482
3724	3483
3725	3484
3726	3485
3727	3486
3728	3487
3729	3488
3730	3489
3731	3490
3732	3491
3733	3492
3734	3493
3735	3494
3736	3495
3737	3496
3738	3497
3739	3498
3740	3499
3741	3500
3742	3501
3743	3502
3744	3503
3745	3504
3746	3505
3747	3506
3748	3507
3749	3508
3751	3509
3752	3510
3753	3511
3754	3512
3755	3513
3756	3514
3757	3515
3758	3516
3759	3517
3760	3518
3761	3519
3762	3520
3763	3521
3764	3522
3765	3523
3766	3524
3767	3525
3768	3526
3769	3527
3770	3528
3771	3529
3772	3530
3773	3531
3774	3532
3775	3533
3776	3534
3777	3535
3778	3536
3779	3537
3780	3538
3781	3539
3782	3540
3783	3541
3784	3542
3785	3543
3786	3544
3787	3545
3788	3546
3789	3547
3790	3548
3791	3549
3792	3550
3793	3551
3794	3552
3795	3553
3796	3554
3797	3555
3798	3556
3799	3557
3800	3558
3801	3559
3802	3560
3803	3561
3804	3562
3805	3563
3806	3564
3807	3565
3808	3566
3809	3567
3810	3568
3811	3569
3812	3570
3813	3571
3814	3572
3816	3573
3817	3574
3818	3575
3819	3576
3820	3577
3821	3578
3822	3579
3823	3580
3824	3581
3825	3582
3826	3583
3827	3584
3828	3585
3830	3586
3831	3587
3832	3588
3833	3589
3834	3590
3835	3591
3836	3592
3837	3593
3838	3594
3839	3595
3840	3596
3841	3597
3842	3598
3843	3599
3844	3600
3845	3601
3846	3602
3847	3603
3848	3604
3849	3605
3850	3606
3851	3607
3852	3608
3853	3609
3854	3610
3855	3611
3857	3612
3858	3613
3859	3614
3860	3615
3861	3616
3862	3617
3863	3618
3864	3619
3865	3620
3866	3621
3867	3622
3868	3623
3869	3624
3870	3625
3871	3626
3872	3627
3873	3628
3874	3629
3875	3630
3876	3631
3877	3632
3878	3633
3879	3634
3880	3635
3881	3636
3882	3637
3883	3638
3884	3639
3885	3640
3886	3641
3887	3642
3888	3643
3889	3644
3890	3645
3891	3646
3892	3647
3893	3648
3894	3649
3895	3650
3896	3651
3897	3652
3898	3653
3899	3654
3900	3655
3901	3656
3902	3657
3903	3658
3904	3659
3905	3660
3906	3661
3908	3662
3909	3663
3910	3664
3911	3665
3912	3666
3913	3667
3914	3668
3915	3669
3916	3670
3917	3671
3918	3672
3919	3673
3920	3674
3921	3675
3922	3676
3923	3677
3924	3678
3925	3679
3926	3680
3927	3681
3928	3682
3929	3683
3930	3684
3931	3685
3932	3686
3933	3687
3934	3688
3935	3689
3936	3690
3937	3691
3938	3692
3939	3693
3940	3694
3941	3695
3942	3696
3943	3697
3944	3698
3945	3699
3946	3700
3947	3701
3948	3702
3949	3703
3950	3704
3951	3705
3952	3706
