uid	u_gender	u_age	u_occupation
1	1	0	0
3	0	2	2
4	0	3	3
5	0	2	4
6	1	4	5
7	0	5	6
8	0	2	7
9	0	2	8
10	1	5	6
12	0	2	7
13	0	3	6
14	0	5	9
15	0	2	3
16	1	5	9
17	0	4	6
18	1	6	10
19	0	0	0
20	0	2	11
21	0	6	1
22	0	6	2
23	0	5	9
24	1	2	3
25	0	6	12
26	0	2	3
27	0	2	13
28	1	2	6
29	0	5	3
30	1	5	3
32	1	2	9
33	0	3	10
34	1	6	9
35	0	3	6
36	0	2	10
37	1	2	5
39	0	6	12
41	1	6	12
42	0	2	14
43	0	2	7
44	0	3	8
45	1	3	1
46	0	6	15
47	0	6	12
48	0	2	12
49	0	6	7
51	1	0	0
52	0	6	12
53	0	2	9
54	0	4	6
55	1	5	7
56	0	5	4
57	0	6	15
58	0	2	16
59	1	4	6
60	0	4	6
61	0	2	8
62	1	5	10
63	0	6	12
64	0	6	6
65	0	5	7
66	0	2	17
67	1	4	18
68	0	6	12
70	0	6	12
71	0	2	11
72	1	3	9
73	0	6	12
74	0	5	11
75	1	0	0
76	0	5	3
77	0	6	12
78	1	3	6
79	1	3	9
80	0	1	6
81	1	2	9
82	0	2	8
83	1	2	16
84	0	6	12
85	0	6	12
86	1	0	0
87	0	2	11
88	1	3	6
89	1	1	5
90	0	1	19
91	0	5	3
92	1	6	12
93	0	2	8
94	0	2	8
95	0	3	9
97	1	5	10
98	1	5	3
99	1	0	0
100	0	5	8
101	1	6	10
102	0	5	15
103	0	3	3
104	0	2	7
105	0	3	7
106	1	5	13
107	0	3	17
108	0	2	7
109	0	3	2
110	0	2	16
111	0	5	2
115	0	2	8
117	0	2	8
118	0	5	8
119	1	0	0
121	0	5	3
122	1	6	12
123	0	5	5
124	0	1	3
125	0	3	11
126	0	6	5
127	1	3	10
128	0	1	20
129	0	2	13
130	0	5	8
131	0	6	12
132	0	2	8
133	1	2	9
134	0	2	9
135	0	6	12
136	0	6	16
137	1	3	20
138	0	6	4
139	1	2	4
140	1	5	6
141	0	5	19
142	0	2	3
143	0	6	10
144	0	2	8
145	0	6	12
146	1	5	4
147	0	6	12
148	0	4	8
149	0	2	6
150	0	5	3
151	1	2	4
152	0	6	12
153	0	0	0
154	0	4	4
155	0	5	7
156	1	3	3
157	0	5	1
158	0	1	3
159	1	3	9
160	0	5	3
161	0	3	1
162	1	6	12
163	0	6	12
165	0	6	1
166	0	6	12
167	1	2	13
168	1	4	9
169	0	2	3
170	0	2	13
171	1	4	8
172	0	2	10
173	0	2	9
174	0	2	1
175	1	2	16
176	1	6	10
177	0	4	6
178	0	1	8
179	0	2	9
180	0	3	7
181	0	6	8
182	0	6	12
183	1	3	6
184	1	2	9
185	0	3	9
187	1	3	6
188	0	1	1
189	0	6	9
190	0	2	8
191	0	6	12
192	0	6	6
193	1	3	2
194	1	0	0
195	0	2	7
196	1	5	5
197	0	6	11
198	0	2	7
199	0	6	12
200	1	6	12
201	1	5	16
202	0	6	12
203	1	6	12
204	0	2	3
205	0	5	7
206	0	2	8
207	0	2	7
208	0	5	8
209	0	5	6
210	1	0	0
211	0	3	8
212	0	2	1
213	1	6	12
214	0	6	4
215	0	5	11
216	0	3	19
217	0	6	12
218	0	5	11
219	1	2	12
220	0	2	7
221	1	2	9
222	0	2	6
223	0	2	8
224	1	6	12
225	0	2	3
226	0	5	6
227	0	5	4
228	0	2	2
229	0	6	0
230	0	3	6
231	0	2	10
233	1	3	4
234	0	5	3
235	0	2	9
236	0	2	18
237	0	2	20
238	1	4	3
239	0	6	15
241	0	5	4
242	1	6	12
244	0	4	3
245	0	5	1
246	1	6	12
247	0	2	8
251	0	1	8
252	0	2	7
253	1	2	13
254	0	5	8
255	0	5	9
256	0	3	1
258	0	2	3
259	0	2	6
260	0	6	15
261	0	2	4
262	1	2	6
264	0	5	9
265	1	5	3
267	0	3	7
268	1	6	7
270	0	4	11
271	0	6	12
272	0	6	9
273	0	6	12
274	0	6	12
275	0	2	9
276	0	3	1
277	1	5	6
278	0	3	17
280	0	4	3
281	1	5	9
282	0	2	8
283	0	2	9
284	0	2	7
285	1	5	9
286	0	2	6
287	0	4	19
288	1	2	7
290	1	2	4
292	0	5	3
293	0	1	6
294	1	3	5
295	0	6	9
296	0	4	18
298	1	6	12
299	0	2	7
300	0	2	3
301	0	6	12
302	0	6	12
303	0	2	3
304	0	2	9
305	1	6	9
307	0	4	1
308	0	2	16
309	0	2	12
310	1	6	12
311	0	6	12
312	1	4	16
314	1	1	5
315	1	1	6
316	0	1	19
317	0	5	3
318	1	1	19
319	1	4	20
320	0	5	20
322	0	1	8
323	0	3	7
324	0	5	8
325	1	4	10
326	0	4	13
327	0	5	17
328	0	5	7
329	0	5	3
330	0	1	3
331	0	2	3
332	0	4	6
333	0	5	16
334	1	1	16
335	0	5	17
336	0	6	9
337	0	6	15
338	0	5	3
339	0	4	3
340	1	2	10
341	1	1	19
342	0	6	7
344	0	5	11
345	0	2	7
346	1	2	9
347	1	1	6
348	0	4	3
349	0	0	0
350	0	3	4
351	0	6	12
352	0	6	12
353	1	5	3
354	0	5	6
355	0	6	10
356	0	1	4
357	0	6	9
358	1	1	6
359	0	2	8
360	0	5	8
361	1	2	11
362	0	5	4
363	0	6	0
364	1	5	6
365	1	6	12
366	0	4	2
367	0	4	7
368	0	2	9
369	0	5	6
370	0	6	8
371	0	6	12
372	1	6	12
373	1	2	16
374	1	5	11
376	0	5	6
377	0	2	8
378	1	6	9
379	1	5	6
380	0	2	16
381	0	5	8
382	1	5	4
383	1	2	3
384	0	2	13
385	0	2	20
386	0	2	9
387	1	5	3
388	1	2	9
389	0	2	20
390	0	2	12
391	0	3	13
392	0	6	3
393	0	5	8
394	0	6	9
395	0	6	18
396	0	2	6
397	0	5	8
398	0	2	8
399	1	5	20
400	1	6	10
401	0	6	9
402	0	2	13
403	0	6	12
404	0	6	12
405	0	1	6
406	0	2	4
407	0	6	8
409	0	6	7
412	0	5	2
413	0	2	13
414	0	2	9
415	1	5	9
418	1	2	10
419	0	6	10
420	0	5	6
421	1	3	10
422	0	1	8
424	0	2	8
425	0	2	7
426	0	6	12
427	0	5	7
428	1	6	12
429	0	6	9
430	1	6	0
431	0	6	0
432	0	3	1
433	0	4	20
434	1	3	10
435	0	2	3
436	0	6	12
437	0	5	8
438	0	6	13
439	0	5	11
440	0	1	6
441	0	5	6
442	0	2	6
443	0	2	10
444	0	1	9
446	1	4	9
447	1	3	13
448	0	2	8
449	0	2	3
450	0	3	6
451	0	1	19
452	0	4	8
453	0	6	12
454	0	2	4
455	1	5	16
456	0	5	9
457	0	6	12
458	0	4	1
459	1	6	12
460	0	3	17
461	0	4	3
462	0	6	1
463	0	2	3
464	1	6	12
465	0	6	15
466	0	2	18
467	1	5	10
468	1	0	0
469	0	5	20
470	1	0	0
471	0	5	3
472	0	5	9
473	1	6	12
474	0	2	8
475	1	2	16
476	0	5	9
477	0	5	11
478	0	4	1
480	1	6	12
482	0	2	11
483	0	6	7
484	1	0	0
485	0	1	3
486	0	1	9
488	0	2	7
490	0	0	0
491	0	6	12
492	0	2	7
493	0	4	3
494	1	5	9
495	0	6	0
496	0	6	12
497	1	2	8
498	0	5	8
499	1	2	6
500	1	6	16
501	0	2	16
502	0	5	20
503	0	5	13
504	0	2	16
506	0	2	1
507	1	2	9
508	0	2	7
509	0	2	16
511	1	3	12
512	0	5	9
513	0	2	9
514	0	2	16
515	0	2	6
516	1	1	11
517	1	2	11
518	1	5	7
519	1	5	11
520	1	5	4
521	0	1	3
522	0	2	7
523	0	4	3
524	0	6	9
527	1	2	16
528	1	6	8
529	0	5	7
530	0	2	16
531	1	6	11
532	0	2	3
533	0	2	7
534	0	2	2
535	0	5	20
536	0	2	4
537	0	3	11
538	0	1	1
539	0	2	16
540	0	6	6
542	0	6	12
543	0	2	18
544	0	5	7
545	0	5	8
547	0	5	7
548	1	5	1
549	0	2	20
550	0	3	14
551	0	5	4
552	0	4	17
553	0	2	16
555	0	6	12
556	1	2	5
557	0	1	6
558	0	5	4
559	1	2	3
560	0	3	2
561	1	6	11
562	0	5	4
563	0	2	12
564	0	3	6
565	0	2	1
566	0	2	8
567	0	5	4
568	1	4	8
569	1	6	12
570	0	2	12
571	0	4	18
572	0	6	12
573	1	5	16
574	0	2	15
575	0	2	7
576	1	3	2
577	0	5	9
578	0	6	8
580	0	0	0
581	0	4	11
582	0	6	12
583	1	2	9
584	1	2	9
585	0	6	6
586	0	5	11
587	0	2	4
588	1	2	13
589	0	6	16
590	1	5	20
592	0	6	9
594	1	1	19
595	0	2	3
596	1	2	6
597	0	5	7
598	0	5	3
599	0	4	20
600	0	5	8
601	1	6	4
603	1	2	20
604	0	3	8
605	1	6	12
606	1	0	0
607	0	2	9
608	0	6	12
609	0	2	3
610	0	2	12
611	0	5	9
612	0	4	3
613	0	5	4
614	0	5	6
616	0	2	3
617	1	2	3
618	0	2	9
619	1	6	6
620	0	6	9
621	0	6	12
622	0	2	9
623	0	2	8
624	0	2	6
625	1	5	7
626	0	6	12
627	0	4	16
628	1	5	9
629	1	0	0
630	1	5	11
631	0	5	8
633	0	2	8
635	0	1	8
636	0	6	4
637	0	5	7
638	0	2	20
639	0	3	8
640	0	6	12
641	1	5	9
642	1	5	6
643	0	2	16
644	0	2	4
645	0	5	4
646	0	5	3
647	0	5	7
648	1	2	7
649	0	2	12
651	0	5	3
652	0	6	4
653	0	1	19
654	0	4	3
655	1	2	16
656	1	3	1
657	1	4	19
658	1	2	9
659	1	2	9
660	0	3	1
661	0	3	6
662	0	6	12
663	1	2	3
664	0	5	17
666	1	6	9
667	0	2	17
668	1	2	10
669	0	2	8
670	0	2	7
671	0	6	12
673	0	2	4
674	0	2	8
675	0	2	4
676	0	6	1
677	0	4	16
678	0	2	9
679	0	5	1
680	0	2	7
681	0	5	3
682	0	2	12
683	0	2	12
684	0	2	12
685	0	2	12
686	0	6	12
687	1	2	3
688	0	1	19
689	1	4	9
690	0	2	7
691	0	5	13
692	1	2	9
693	0	5	7
694	0	6	12
695	1	6	6
696	0	2	7
697	1	4	20
698	0	6	12
699	0	6	9
700	0	4	8
701	1	6	12
702	0	5	3
703	1	1	6
704	1	5	14
705	0	2	12
706	0	5	4
707	0	5	3
708	0	2	9
709	0	6	9
710	0	2	4
711	0	2	17
712	0	2	9
713	0	5	3
714	0	6	12
715	0	6	9
716	0	6	12
717	0	2	13
718	0	6	16
719	0	0	9
720	0	6	9
721	1	5	5
722	0	2	7
723	0	2	7
724	0	4	19
725	0	1	13
726	1	2	5
727	0	5	13
728	0	2	20
730	0	2	9
731	0	3	10
733	0	5	1
734	0	2	3
736	0	6	7
737	0	0	15
738	0	6	8
739	0	5	7
740	0	2	11
742	0	6	9
743	1	0	16
744	0	2	8
745	0	0	0
746	1	6	15
747	0	6	12
748	0	2	9
749	0	5	17
750	1	5	5
751	1	2	8
752	1	2	10
753	0	0	0
754	0	5	3
755	1	5	9
756	0	5	9
757	0	2	7
758	0	5	3
759	1	1	10
760	0	1	2
761	0	6	3
762	0	0	0
763	0	6	0
764	0	6	4
765	0	2	8
766	1	2	3
767	0	2	7
768	0	2	7
769	0	3	8
770	0	6	12
771	1	4	6
772	0	6	7
773	0	2	20
774	0	6	12
775	0	0	8
776	1	2	10
777	0	6	15
778	0	6	8
779	0	2	9
780	0	2	8
781	0	6	12
782	0	1	6
783	0	2	12
784	0	6	9
785	0	6	15
786	0	2	9
787	0	6	12
788	0	2	9
789	0	6	6
790	0	2	8
791	0	5	3
792	0	2	8
793	1	5	11
794	0	4	4
795	1	5	11
796	0	4	20
797	1	4	3
798	1	2	4
799	1	2	18
800	1	5	7
801	1	2	4
802	0	2	1
804	0	2	4
805	0	5	7
807	0	6	12
808	0	2	3
809	0	2	8
811	0	4	9
812	0	2	20
813	0	6	12
814	1	6	12
815	0	2	12
816	0	3	9
817	0	6	12
818	0	6	12
819	0	5	3
820	0	5	3
821	0	6	16
822	1	2	6
823	0	2	9
824	0	5	7
825	0	1	6
826	1	5	6
827	0	3	16
828	0	6	12
829	0	0	15
832	0	6	16
833	0	5	3
834	1	5	7
835	0	1	9
836	0	2	13
837	0	1	3
838	0	4	8
839	0	2	9
840	1	2	10
841	1	4	11
842	1	6	9
843	0	2	3
845	1	6	9
846	0	2	18
847	1	2	3
848	0	2	2
849	0	2	10
850	0	5	9
851	0	6	12
852	0	2	18
853	0	2	8
854	1	2	1
855	1	6	16
856	1	3	20
857	0	5	8
858	0	5	11
859	0	2	7
860	0	6	9
861	0	2	3
862	0	5	3
863	0	2	3
865	0	5	6
866	0	0	0
867	0	3	7
868	0	4	8
869	0	6	4
870	1	2	6
871	0	0	0
872	0	4	6
873	0	1	20
874	0	3	2
875	0	0	0
876	0	2	12
877	0	2	9
878	0	6	16
880	0	5	8
881	0	6	11
883	1	5	11
884	0	0	0
885	0	5	9
886	1	1	9
887	1	1	1
888	1	0	0
889	0	3	4
890	0	6	12
891	0	2	6
892	0	5	9
893	1	4	20
894	0	6	12
895	0	4	6
896	0	6	2
897	0	2	20
898	0	2	3
899	1	2	6
900	1	1	19
901	1	1	9
902	0	1	9
903	0	1	19
904	0	5	4
905	1	3	7
906	0	0	0
907	1	3	20
908	1	4	6
909	0	3	3
910	1	4	9
911	0	4	9
912	1	5	16
913	0	2	9
914	1	5	5
916	1	2	6
917	0	4	20
918	1	3	6
919	1	5	6
920	0	6	12
921	0	2	8
922	0	1	1
923	0	2	3
924	0	4	8
926	0	0	0
927	1	2	4
928	1	1	1
929	0	2	2
930	0	2	18
931	1	1	6
932	1	5	20
933	0	3	6
934	1	5	3
935	0	5	11
936	0	6	12
937	0	2	2
938	1	2	6
939	1	2	4
941	0	6	4
942	1	4	20
943	1	3	7
944	0	5	9
945	0	3	3
946	0	5	3
947	0	6	9
948	0	1	7
949	0	4	8
950	0	5	3
951	0	3	16
952	0	1	1
953	0	4	4
954	1	2	9
955	1	4	3
956	0	5	6
957	0	5	6
958	0	5	16
960	0	0	0
961	0	6	0
962	1	2	6
963	0	2	9
964	0	2	3
965	0	1	3
966	0	1	16
967	1	6	9
968	0	4	7
969	1	2	13
970	0	2	9
971	0	2	7
972	0	3	6
973	1	2	6
974	0	5	15
975	0	5	9
976	0	5	11
977	0	2	16
978	0	6	9
979	0	0	0
980	0	2	20
981	0	2	4
982	1	2	5
983	1	2	1
986	1	1	9
987	1	5	8
988	0	4	13
989	0	4	9
990	0	6	20
991	1	2	5
992	1	5	10
993	0	2	9
994	0	6	16
996	0	2	8
997	0	0	15
998	0	3	4
999	0	2	2
1000	1	2	20
1001	0	2	12
1002	0	4	13
1003	0	2	16
1004	0	2	10
1005	0	5	13
1006	0	6	12
1007	0	4	7
1008	0	5	10
1009	0	4	3
1011	0	2	14
1013	0	1	19
1014	1	3	8
1015	0	5	10
1016	0	1	1
1018	0	6	12
1019	0	5	6
1020	0	6	4
1021	0	5	9
1022	0	2	10
1023	0	1	19
1025	0	2	1
1026	1	3	9
1027	0	6	12
1028	1	3	3
1029	0	2	9
1030	0	2	3
1031	0	5	1
1034	1	5	6
1035	0	6	16
1036	0	5	3
1037	0	3	3
1038	1	1	2
1040	0	2	13
1041	0	3	16
1042	0	5	18
1043	1	4	13
1044	0	2	4
1045	1	0	0
1046	0	1	17
1047	0	6	9
1048	0	5	20
1049	0	3	11
1050	0	2	6
1051	1	2	9
1053	0	5	9
1054	0	0	0
1055	0	5	9
1056	0	0	9
1057	0	3	8
1058	0	2	6
1059	1	2	9
1060	0	6	0
1061	0	3	9
1062	0	4	15
1063	0	5	3
1064	0	2	3
1065	1	2	9
1066	0	3	7
1068	1	6	12
1069	0	2	4
1070	1	3	16
1071	0	4	1
1072	1	5	3
1073	1	2	20
1074	0	3	8
1075	1	2	20
1076	1	2	10
1077	0	2	10
1078	1	3	5
1079	0	2	3
1080	0	1	3
1081	0	6	12
1082	0	3	3
1085	0	2	3
1086	0	6	12
1087	0	2	1
1088	1	0	0
1089	0	5	20
1090	0	2	3
1091	0	6	18
1092	1	6	12
1093	0	4	11
1094	1	6	9
1097	0	6	8
1098	0	5	3
1099	0	2	8
1100	0	2	9
1101	0	5	6
1102	0	6	6
1103	1	3	3
1104	0	5	13
1105	0	5	20
1106	0	6	12
1107	1	4	6
1108	0	1	6
1109	0	6	0
1110	1	1	20
1111	1	4	1
1112	0	6	20
1113	0	6	12
1114	1	6	5
1115	1	2	6
1116	0	2	2
1117	0	6	11
1118	0	4	19
1120	0	6	12
1121	0	1	3
1122	0	1	11
1123	0	4	9
1124	0	2	16
1125	1	6	12
1126	0	1	1
1127	0	2	9
1128	0	2	6
1129	0	5	8
1132	0	6	7
1133	0	6	16
1134	0	6	4
1135	0	4	19
1136	1	5	3
1137	0	6	12
1138	0	6	7
1139	0	2	6
1140	1	3	16
1141	1	2	10
1143	0	4	3
1144	0	2	3
1145	0	4	10
1146	1	6	1
1147	0	2	4
1148	0	5	8
1149	0	2	7
1150	1	2	4
1152	0	6	12
1154	1	0	0
1157	0	3	3
1158	1	5	6
1159	0	6	9
1161	0	2	9
1162	1	5	9
1163	0	0	0
1166	0	1	20
1167	1	4	6
1168	1	2	9
1169	0	2	4
1170	0	1	10
1171	0	3	7
1174	1	6	1
1175	1	2	16
1176	0	1	6
1177	1	2	8
1178	0	1	9
1179	0	4	6
1180	1	4	4
1181	0	5	3
1182	0	0	0
1183	0	5	15
1184	1	2	12
1185	1	5	6
1186	0	6	15
1187	1	0	9
1188	0	3	3
1189	0	2	9
1190	0	3	9
1191	1	5	9
1192	0	4	1
1193	0	2	7
1194	1	2	6
1195	1	0	0
1197	0	5	6
1198	0	0	0
1199	0	4	19
1200	0	0	9
1201	0	6	12
1202	0	5	7
1203	1	2	6
1204	0	2	3
1206	1	4	3
1207	0	4	9
1208	0	2	9
1209	0	5	3
1210	0	2	8
1211	0	6	12
1212	1	4	6
1213	0	4	9
1214	0	1	19
1215	0	5	8
1216	0	2	16
1218	0	1	2
1219	0	2	3
1220	0	0	0
1221	0	6	9
1223	0	2	16
1225	0	3	3
1226	0	6	4
1227	0	4	6
1228	0	2	6
1230	0	2	13
1231	0	2	7
1233	1	3	4
1234	0	6	12
1235	1	2	3
1236	1	2	6
1237	0	6	12
1238	1	5	4
1239	1	2	4
1240	1	6	11
1241	0	0	0
1242	1	5	9
1243	0	5	2
1244	0	2	12
1245	0	2	8
1246	0	6	12
1247	0	5	9
1248	1	5	4
1249	0	5	16
1250	0	4	9
1252	0	1	19
1255	0	2	8
1256	0	2	4
1258	0	3	3
1259	0	5	3
1260	0	2	8
1261	0	6	12
1262	0	2	12
1263	0	0	0
1264	0	2	6
1265	1	6	4
1266	0	2	12
1267	0	2	2
1268	0	4	16
1269	1	1	19
1271	1	3	20
1273	0	5	16
1274	0	3	3
1275	0	4	8
1276	0	5	8
1277	1	6	9
1278	0	6	12
1280	0	0	0
1282	0	4	6
1283	1	6	6
1284	0	3	1
1285	0	5	12
1286	0	5	8
1288	1	5	15
1289	0	3	20
1292	0	2	3
1293	0	2	18
1294	1	4	4
1295	1	5	20
1296	0	0	9
1297	0	2	3
1298	0	5	20
1299	0	2	11
1300	0	0	0
1301	1	2	16
1302	0	6	12
1303	0	2	15
1304	0	2	11
1306	0	2	10
1307	0	1	19
1308	0	0	0
1309	0	2	11
1310	0	3	9
1311	0	6	0
1312	0	2	11
1314	1	6	12
1315	0	5	3
1316	0	4	16
1317	0	3	3
1318	0	6	1
1319	1	2	10
1320	0	2	12
1321	1	2	11
1322	0	1	9
1323	1	5	16
1325	0	2	6
1326	1	2	9
1328	0	5	11
1329	0	6	11
1330	0	1	6
1331	0	3	9
1332	0	2	3
1333	0	2	8
1335	0	5	9
1336	1	4	4
1338	0	2	9
1339	0	5	17
1340	0	2	3
1342	0	5	9
1343	0	5	11
1344	1	2	5
1345	1	2	16
1346	0	5	4
1347	1	6	6
1348	1	0	0
1349	0	4	3
1351	1	2	8
1352	0	5	4
1353	0	0	0
1354	1	2	16
1355	1	3	4
1356	1	6	12
1357	0	3	9
1358	0	5	8
1359	0	5	6
1360	0	2	4
1361	1	2	9
1362	0	5	7
1363	0	4	3
1364	1	3	16
1365	1	0	0
1366	0	0	0
1367	0	2	7
1368	1	2	10
1369	0	2	18
1370	0	5	16
1371	1	4	16
1372	0	0	0
1373	1	2	6
1374	0	4	6
1375	1	3	18
1376	1	3	6
1377	0	5	1
1378	1	3	3
1379	1	1	19
1380	0	0	0
1381	0	6	13
1382	1	3	6
1384	0	6	0
1385	1	2	18
1386	1	2	9
1387	1	4	19
1388	0	1	4
1389	0	2	8
1390	0	5	1
1392	0	3	10
1393	0	6	12
1394	1	2	10
1395	0	2	16
1396	1	2	7
1397	0	5	3
1398	1	1	1
1399	0	6	8
1400	0	2	3
1401	1	6	6
1402	0	6	12
1403	1	2	9
1404	0	4	1
1405	0	1	19
1406	0	2	12
1407	1	5	2
1408	0	2	9
1409	0	6	12
1410	0	4	3
1411	0	5	6
1412	0	2	8
1413	0	6	10
1414	0	6	12
1415	0	3	11
1417	0	5	1
1418	0	6	12
1419	1	2	6
1420	0	6	12
1421	1	0	0
1422	0	5	8
1423	0	2	12
1424	0	5	9
1425	0	0	0
1426	0	6	11
1427	0	2	7
1428	1	3	13
1429	1	5	10
1430	0	6	12
1431	0	1	20
1432	0	5	6
1433	1	6	11
1434	1	0	0
1436	1	4	20
1437	0	4	10
1438	0	6	16
1439	0	5	10
1440	0	5	7
1441	0	5	1
1442	0	6	16
1443	0	5	16
1444	1	2	12
1445	0	2	16
1446	0	5	7
1447	0	6	12
1448	1	2	10
1449	0	5	4
1450	0	6	12
1451	0	5	4
1452	1	1	19
1453	0	2	11
1454	0	6	12
1455	1	3	9
1456	0	2	16
1457	0	2	6
1458	0	0	9
1459	1	2	9
1460	1	6	12
1461	1	3	9
1462	0	5	1
1463	0	4	1
1464	0	5	7
1465	0	4	1
1467	0	2	18
1468	0	0	11
1469	0	1	4
1470	0	6	12
1471	0	2	8
1472	0	2	3
1473	0	2	11
1474	0	2	12
1475	1	2	16
1476	1	6	9
1477	1	3	6
1478	0	0	0
1479	1	4	16
1480	0	2	4
1481	0	5	8
1483	0	6	12
1484	0	2	7
1485	1	2	5
1486	0	2	1
1487	0	5	3
1488	0	2	3
1489	1	5	16
1491	0	6	12
1492	0	2	7
1494	0	2	8
1495	0	6	9
1496	0	2	8
1498	0	6	12
1499	0	0	0
1500	0	2	8
1502	0	6	12
1505	0	4	13
1506	0	2	3
1507	0	5	8
1508	1	0	0
1509	0	0	9
1510	1	2	6
1511	0	5	7
1512	0	2	4
1513	1	5	1
1514	0	6	12
1515	0	2	1
1516	1	2	7
1518	0	2	16
1519	0	6	12
1521	1	2	3
1522	0	5	4
1523	0	2	8
1524	0	6	12
1525	1	2	1
1526	0	1	8
1527	0	6	0
1528	0	2	2
1529	0	6	12
1530	0	2	12
1531	0	3	8
1532	0	6	11
1534	0	4	7
1535	1	6	4
1536	1	5	10
1538	0	2	10
1539	0	2	10
1541	0	1	8
1542	0	6	8
1543	0	2	13
1544	0	2	7
1545	0	2	4
1547	0	1	19
1548	0	5	6
1549	0	5	20
1550	0	6	12
1551	0	2	13
1552	0	3	4
1553	1	2	2
1554	1	5	7
1555	1	6	9
1556	0	6	12
1557	1	6	12
1558	0	6	20
1559	0	5	14
1560	1	2	10
1561	1	6	12
1564	0	4	6
1566	0	5	1
1567	0	2	7
1569	1	1	19
1570	0	6	8
1572	1	2	10
1573	0	0	9
1574	0	2	20
1575	1	4	3
1576	1	3	5
1577	0	1	9
1578	0	6	12
1579	0	2	9
1580	1	6	12
1581	1	6	12
1582	0	6	9
1583	0	5	20
1584	0	2	15
1585	0	1	4
1586	0	3	3
1587	1	2	10
1588	0	2	13
1589	0	2	9
1590	0	5	6
1592	0	5	3
1593	0	2	1
1594	1	5	4
1595	0	5	6
1596	1	6	18
1597	0	2	7
1598	0	5	19
1600	0	5	3
1601	0	2	7
1602	1	2	3
1603	1	2	9
1604	0	2	13
1605	1	6	9
1606	1	5	10
1607	0	3	6
1608	0	2	13
1609	1	5	5
1610	0	2	13
1611	0	2	9
1612	0	2	8
1613	0	6	4
1614	0	5	9
1615	1	3	3
1616	0	2	9
1618	0	4	9
1619	0	4	10
1620	0	2	4
1621	0	2	12
1622	0	6	12
1623	0	4	2
1624	0	2	9
1625	0	3	9
1627	0	6	8
1628	0	6	4
1629	0	6	12
1630	0	3	8
1631	1	4	9
1632	0	2	1
1633	1	3	3
1634	1	1	9
1635	0	2	9
1636	1	2	15
1637	0	1	9
1638	1	6	8
1639	0	2	8
1640	0	5	8
1641	0	2	9
1642	0	4	19
1643	0	3	16
1644	0	6	7
1645	1	6	5
1647	0	6	17
1650	0	2	15
1651	0	2	7
1652	0	2	1
1653	0	6	9
1654	1	3	9
1655	0	6	12
1656	0	2	8
1658	1	5	20
1659	1	6	5
1660	1	2	16
1661	0	5	3
1662	0	2	7
1663	0	6	12
1664	1	6	12
1665	0	3	8
1666	0	2	11
1667	0	4	1
1669	1	2	8
1671	0	5	9
1672	0	2	8
1673	0	0	0
1674	0	5	16
1675	1	2	20
1676	0	6	12
1677	0	6	11
1678	1	6	8
1680	0	2	4
1681	0	6	12
1682	0	2	16
1683	1	2	3
1684	0	6	10
1685	0	5	7
1686	0	5	7
1687	0	2	10
1688	1	6	12
1689	0	5	18
1691	1	2	8
1693	0	2	7
1694	0	2	7
1695	0	2	6
1696	0	5	3
1697	1	6	12
1698	0	5	16
1699	1	2	15
1700	0	2	4
1701	1	2	12
1702	0	6	0
1703	0	6	2
1704	0	2	12
1705	1	6	12
1706	0	2	4
1707	0	4	6
1708	0	2	9
1709	0	2	9
1710	0	6	9
1711	1	6	12
1712	0	2	9
1713	0	2	9
1715	0	2	1
1716	0	2	9
1717	1	4	20
1718	0	6	12
1719	0	6	1
1720	0	6	12
1721	0	6	15
1722	0	5	9
1723	0	5	8
1724	0	6	12
1725	0	6	15
1726	0	2	16
1727	0	5	1
1728	0	6	12
1730	1	6	12
1731	1	6	9
1733	0	6	11
1734	0	3	8
1735	0	6	4
1736	0	1	14
1737	0	5	4
1738	0	5	1
1739	0	1	1
1740	0	1	6
1741	0	5	3
1742	0	2	2
1743	0	5	8
1744	0	5	7
1745	0	3	9
1746	0	2	12
1747	0	2	9
1748	0	4	6
1749	0	2	16
1750	0	4	18
1751	0	5	4
1752	0	2	10
1753	0	5	20
1755	1	6	12
1756	1	2	6
1757	0	2	12
1758	1	2	9
1759	0	2	1
1760	1	2	10
1761	0	5	9
1762	0	2	11
1763	0	5	3
1764	0	6	9
1765	0	6	12
1767	0	2	4
1768	0	3	1
1769	0	2	8
1770	0	5	1
1771	0	2	8
1772	0	1	16
1773	0	6	12
1774	0	2	8
1775	0	2	12
1776	0	2	9
1777	0	2	4
1778	0	6	12
1779	0	6	6
1780	0	5	6
1781	1	5	9
1782	0	3	9
1783	0	6	12
1784	0	6	4
1785	0	6	12
1786	0	3	6
1787	0	6	14
1788	0	3	16
1789	0	0	0
1790	0	2	9
1791	0	6	12
1792	1	2	16
1793	0	2	12
1794	0	2	13
1796	0	4	13
1797	0	5	3
1799	0	5	13
1800	0	6	12
1802	0	6	12
1803	0	2	16
1804	0	2	3
1805	0	6	12
1806	0	6	12
1807	0	6	8
1808	1	6	12
1809	1	2	11
1810	0	4	19
1811	0	1	16
1812	1	2	7
1813	1	5	20
1815	0	0	6
1816	1	5	5
1817	0	5	6
1818	0	0	14
1819	1	5	7
1820	0	2	4
1821	0	2	4
1822	1	2	9
1823	1	5	6
1824	1	6	12
1825	0	2	3
1826	0	3	13
1827	1	2	6
1828	0	6	12
1829	0	2	1
1830	0	6	12
1831	0	6	12
1832	1	6	12
1833	0	6	8
1834	0	5	18
1835	0	2	15
1836	0	2	9
1837	0	2	16
1838	0	5	3
1839	0	6	12
1840	0	2	7
1841	0	6	9
1843	0	2	7
1844	1	6	12
1845	0	2	16
1846	0	3	7
1847	0	6	12
1848	0	5	18
1849	0	5	3
1850	0	6	18
1851	0	2	15
1852	0	2	7
1853	0	4	9
1854	0	2	9
1855	0	6	12
1856	0	1	3
1857	0	0	0
1858	1	6	12
1859	1	2	12
1860	0	1	1
1861	0	4	1
1862	0	4	11
1863	0	6	12
1864	0	5	3
1865	1	6	6
1866	0	2	3
1867	0	4	3
1868	0	4	13
1869	0	3	11
1870	0	1	19
1871	1	3	6
1872	0	4	4
1873	0	5	3
1874	0	3	3
1876	0	2	7
1877	1	3	4
1878	0	0	0
1880	0	5	9
1881	0	5	16
1882	0	5	1
1883	1	4	9
1884	0	3	4
1885	0	4	8
1886	0	2	7
1887	0	1	2
1888	0	5	7
1889	0	6	11
1890	0	4	20
1891	0	3	6
1892	0	2	4
1893	1	5	9
1894	1	5	3
1895	0	5	11
1896	0	1	19
1897	1	4	16
1898	0	2	7
1901	0	4	3
1902	0	2	15
1903	0	5	9
1904	0	6	6
1905	1	5	4
1906	1	2	18
1907	0	5	8
1910	0	0	0
1911	1	6	12
1912	0	2	12
1913	0	2	8
1914	1	5	11
1915	0	4	19
1917	0	6	0
1918	1	3	20
1919	0	0	9
1920	1	5	3
1921	0	1	7
1922	1	2	3
1923	0	5	3
1924	1	1	20
1925	0	4	3
1926	1	0	9
1928	0	0	0
1929	1	0	0
1930	0	2	2
1931	0	2	16
1932	0	2	3
1933	0	6	15
1934	0	2	8
1935	0	0	0
1936	0	5	9
1937	0	2	13
1938	1	2	16
1939	1	5	16
1940	0	2	7
1941	0	5	8
1942	0	5	18
1943	0	6	12
1944	1	6	12
1945	0	2	4
1946	0	2	11
1947	0	2	3
1949	0	6	8
1950	0	2	7
1951	1	6	12
1953	1	2	16
1954	0	2	1
1955	0	0	15
1956	0	5	9
1957	1	6	12
1958	1	2	6
1960	0	3	3
1961	1	4	10
1962	1	6	6
1963	1	4	5
1964	1	2	20
1965	0	1	8
1966	0	2	4
1968	0	2	13
1969	1	2	10
1970	0	4	19
1971	1	2	11
1972	0	3	8
1973	0	2	6
1975	0	6	12
1976	0	5	18
1977	0	1	20
1978	0	0	0
1979	0	1	8
1980	0	5	3
1981	0	1	6
1982	0	0	0
1983	0	2	11
1985	0	3	7
1987	0	2	8
1988	1	2	6
1989	0	4	20
1990	0	2	3
1991	0	2	4
1992	0	6	12
1993	0	5	8
1994	0	5	16
1995	0	2	6
1996	0	5	9
1997	0	2	9
1998	1	4	5
1999	1	5	10
2000	0	6	12
2001	0	4	6
2002	1	1	19
2003	0	0	0
2004	0	3	15
2005	0	6	12
2006	0	5	9
2007	0	4	1
2008	0	2	10
2009	1	5	3
2010	0	6	12
2012	0	2	12
2013	0	3	9
2014	0	6	12
2015	0	6	12
2016	1	1	16
2017	0	2	8
2018	0	5	1
2019	0	4	6
2020	0	2	3
2021	0	2	9
2023	0	6	12
2024	0	0	15
2025	0	1	19
2026	0	4	1
2027	1	2	5
2028	0	3	20
2029	1	2	7
2030	0	2	12
2031	0	5	4
2032	0	4	11
2033	1	3	4
2035	1	6	9
2036	1	2	11
2038	1	3	6
2039	0	4	1
2040	1	2	3
2041	1	2	4
2042	0	0	0
2043	0	2	11
2044	1	3	9
2045	1	0	9
2047	0	0	0
2048	0	4	20
2049	1	4	9
2050	1	5	10
2051	0	5	3
2052	0	0	0
2053	0	3	13
2054	0	2	7
2055	0	4	13
2056	0	2	12
2057	0	5	6
2059	0	5	9
2060	0	0	6
2061	0	1	6
2062	0	6	12
2063	0	2	12
2064	0	5	6
2065	0	2	20
2066	1	2	20
2067	0	4	1
2068	1	5	7
2069	0	1	2
2070	1	5	20
2071	0	3	3
2072	1	4	7
2074	0	6	12
2075	1	2	12
2076	0	6	12
2077	0	6	9
2078	0	6	12
2079	0	0	0
2081	0	6	8
2082	0	0	15
2083	0	6	12
2085	0	6	9
2086	0	5	11
2087	0	2	9
2088	0	4	3
2089	0	5	8
2091	1	5	4
2092	0	1	6
2093	0	6	9
2094	0	5	16
2095	0	1	19
2096	1	2	8
2097	0	6	18
2099	1	6	9
2100	1	2	9
2101	0	2	1
2102	0	2	13
2103	0	5	7
2104	0	3	2
2105	0	2	6
2106	1	6	4
2107	0	2	6
2109	0	2	1
2110	0	4	13
2111	0	1	19
2112	1	3	7
2113	0	2	20
2114	0	6	17
2115	0	5	8
2117	0	1	19
2118	0	2	11
2119	0	5	12
2120	0	0	9
2121	0	1	19
2122	0	5	7
2123	1	5	9
2124	0	2	9
2125	0	5	10
2126	0	1	11
2127	0	6	12
2128	1	3	6
2129	0	2	18
2130	0	3	9
2131	0	2	9
2132	0	1	11
2133	1	0	0
2134	0	6	0
2135	0	4	6
2136	0	5	17
2137	1	0	0
2138	1	6	12
2139	1	4	10
2140	0	3	11
2141	1	4	1
2142	1	3	11
2143	0	6	12
2144	0	6	9
2146	0	6	16
2147	1	6	9
2150	1	6	12
2151	0	1	19
2152	0	6	12
2153	0	6	1
2154	0	2	7
2156	0	6	15
2157	1	6	10
2158	0	2	7
2159	1	4	11
2161	1	5	16
2162	1	0	0
2163	0	6	9
2164	0	5	9
2165	0	2	3
2166	0	0	0
2167	1	2	20
2168	0	0	0
2169	0	0	9
2170	1	4	1
2171	0	5	9
2172	0	6	4
2173	0	4	19
2174	0	4	7
2175	0	2	12
2176	0	0	15
2177	1	5	4
2178	0	3	11
2179	1	2	9
2180	0	2	7
2181	0	2	9
2182	1	2	12
2183	1	1	6
2184	0	6	12
2185	0	3	8
2186	0	6	18
2187	0	3	1
2188	1	6	15
2189	0	0	0
2190	1	2	2
2191	0	6	12
2192	1	2	9
2193	0	0	0
2194	0	2	8
2195	0	0	0
2196	0	2	7
2198	1	5	5
2199	0	0	0
2200	0	5	6
2201	0	1	4
2202	1	0	0
2203	0	3	7
2204	0	1	10
2205	1	2	3
2206	0	3	3
2207	0	6	12
2209	0	5	3
2211	0	3	20
2212	0	6	12
2213	1	2	9
2214	1	2	6
2215	1	2	9
2216	1	2	4
2217	0	0	0
2218	0	5	8
2219	0	2	20
2220	1	4	10
2221	0	1	8
2222	1	3	6
2223	0	2	16
2224	0	2	7
2225	0	2	18
2228	0	2	7
2229	0	3	9
2230	1	3	6
2231	0	4	13
2233	1	5	10
2234	0	1	6
2235	0	0	0
2236	0	0	0
2237	1	5	20
2238	1	2	12
2239	0	6	0
2241	0	3	18
2242	0	6	12
2243	0	3	16
2244	0	0	0
2245	0	0	0
2246	0	2	9
2247	0	3	16
2248	1	5	7
2249	0	2	18
2250	0	6	15
2251	0	5	11
2252	1	6	6
2253	1	4	9
2254	0	5	18
2255	1	5	20
2256	1	3	2
2257	1	6	12
2258	1	6	12
2259	1	1	1
2260	1	2	4
2261	0	2	18
2262	0	3	8
2263	0	2	20
2264	1	3	3
2265	0	1	19
2267	1	1	19
2268	1	5	6
2269	1	3	9
2270	0	6	6
2271	0	4	11
2272	0	2	9
2273	0	2	20
2274	0	6	16
2276	0	1	19
2277	1	3	5
2278	0	4	8
2279	0	4	3
2280	0	1	20
2281	0	3	13
2282	0	4	16
2283	0	5	17
2284	0	2	4
2285	1	0	0
2286	0	5	8
2288	0	0	0
2289	1	4	6
2290	0	2	9
2291	0	3	6
2292	0	4	2
2293	1	1	10
2294	0	1	19
2295	0	3	13
2296	1	2	20
2297	0	1	19
2298	0	5	8
2299	1	6	0
2300	0	1	19
2301	1	2	7
2302	0	4	7
2303	0	4	8
2304	0	3	7
2305	0	4	4
2306	1	6	12
2307	0	2	8
2308	1	3	1
2309	1	3	9
2311	1	2	12
2312	0	3	9
2313	1	4	20
2315	0	1	3
2316	0	5	9
2317	1	3	5
2318	0	1	3
2319	0	5	3
2321	0	2	3
2322	1	1	19
2323	0	5	10
2324	0	5	8
2325	1	6	12
2326	0	6	12
2330	0	3	3
2331	0	1	6
2332	0	1	11
2333	0	4	20
2334	1	1	3
2335	0	4	8
2336	0	5	17
2337	0	5	8
2339	1	1	10
2340	0	5	16
2342	0	5	10
2344	0	2	7
2345	0	5	1
2346	1	0	0
2347	0	5	6
2348	0	4	7
2349	0	2	14
2350	0	6	12
2351	1	2	9
2352	0	4	19
2353	1	5	5
2354	0	5	13
2355	1	3	5
2356	1	4	1
2357	1	5	11
2358	1	1	20
2361	0	1	3
2362	0	2	11
2363	0	4	11
2364	1	1	5
2365	0	4	3
2366	1	3	1
2367	1	2	5
2368	1	1	19
2370	0	4	6
2371	1	5	3
2372	1	3	3
2373	0	3	3
2374	0	2	11
2375	1	4	3
2376	0	2	6
2377	0	5	9
2378	0	2	10
2379	0	6	17
2380	0	2	12
2381	1	5	5
2382	0	4	19
2383	1	2	11
2384	0	5	8
2385	1	3	16
2386	1	2	9
2387	0	2	8
2388	0	1	18
2390	1	2	20
2391	0	4	17
2392	1	1	10
2393	0	1	19
2394	0	5	20
2395	0	5	3
2396	1	6	9
2397	1	5	13
2398	0	2	9
2399	0	5	8
2400	1	2	1
2401	0	2	12
2402	0	3	8
2404	0	6	3
2406	1	1	7
2407	0	5	1
2408	1	3	6
2409	1	5	5
2410	0	1	3
2411	1	5	11
2412	0	1	19
2413	1	1	3
2414	0	2	6
2416	0	3	3
2417	0	3	6
2418	1	0	0
2419	0	2	9
2420	0	4	3
2422	1	4	5
2424	0	2	8
2425	1	5	11
2427	1	2	11
2428	0	3	8
2429	0	2	16
2430	0	2	12
2431	1	2	12
2433	0	2	12
2434	0	2	12
2436	0	2	3
2437	0	2	12
2438	0	5	6
2439	0	3	8
2440	0	4	8
2441	1	3	20
2442	0	5	8
2444	1	3	12
2445	0	2	9
2446	0	6	3
2447	0	2	11
2448	0	5	20
2450	0	3	1
2451	0	3	7
2452	0	3	3
2453	0	2	3
2455	0	5	3
2457	0	2	9
2458	0	2	3
2459	0	4	3
2460	1	4	6
2461	0	6	12
2462	0	5	6
2464	1	6	12
2465	0	4	20
2466	0	2	2
2467	0	0	0
2468	0	4	6
2469	0	2	12
2470	0	5	17
2471	0	4	19
2472	0	2	17
2474	0	2	7
2475	1	2	17
2476	0	4	7
2477	0	3	9
2478	0	4	6
2479	1	2	6
2480	1	6	4
2481	0	5	11
2482	1	4	10
2483	0	1	19
2484	0	3	18
2485	0	5	11
2486	0	6	7
2487	0	3	3
2488	1	3	16
2489	1	5	5
2491	0	5	3
2492	1	3	16
2493	0	3	16
2494	0	6	12
2495	1	6	12
2496	0	4	6
2497	1	4	11
2498	0	1	17
2499	0	4	9
2500	0	1	6
2501	0	2	2
2502	0	1	19
2503	0	5	8
2504	0	2	3
2505	0	2	3
2506	1	2	11
2507	0	2	12
2509	0	2	18
2510	0	2	3
2511	0	2	3
2512	1	3	11
2513	0	1	6
2514	0	1	11
2515	0	3	7
2516	1	3	20
2517	1	5	5
2518	0	2	3
2519	1	3	16
2521	0	5	8
2522	0	6	13
2523	0	2	8
2524	1	1	5
2525	1	5	6
2526	0	1	19
2527	0	5	2
2528	0	1	9
2529	1	5	5
2530	0	6	9
2531	1	3	3
2532	1	1	19
2533	1	2	10
2535	1	1	16
2536	0	1	19
2538	0	1	19
2539	0	5	3
2540	1	3	20
2541	1	5	18
2542	1	3	19
2543	1	5	9
2544	0	3	6
2545	0	1	19
2546	1	1	19
2547	1	5	9
2548	1	5	20
2549	0	1	19
2550	0	4	3
2551	0	2	7
2552	1	2	5
2553	0	2	3
2554	0	2	6
2555	0	1	3
2556	0	2	12
2558	0	1	8
2559	0	6	0
2560	1	3	20
2561	0	2	2
2562	0	6	9
2563	0	3	19
2564	1	5	4
2565	0	5	18
2566	0	5	8
2567	0	2	9
2568	0	2	8
2569	0	3	9
2570	1	1	11
2571	0	5	8
2572	0	5	11
2573	0	3	1
2574	0	4	20
2575	0	5	3
2576	0	6	8
2577	0	2	3
2578	0	4	3
2579	0	5	2
2580	1	3	6
2581	0	2	13
2582	1	2	6
2583	0	5	3
2584	1	1	6
2585	0	3	2
2586	0	2	4
2587	0	5	3
2588	1	1	19
2589	0	2	9
2590	0	6	12
2591	0	6	6
2592	0	4	3
2593	0	1	1
2594	0	5	3
2596	0	4	3
2597	1	4	9
2598	0	2	8
2599	0	2	7
2600	0	2	11
2601	0	5	1
2602	0	3	7
2603	0	2	8
2604	0	2	9
2605	0	5	3
2607	1	1	9
2608	1	2	6
2609	1	4	7
2611	0	2	10
2613	0	5	6
2614	0	2	3
2615	0	2	3
2616	0	5	3
2617	1	3	2
2618	1	6	12
2619	0	5	7
2620	0	6	12
2621	0	6	9
2622	1	5	20
2623	0	1	6
2625	0	5	3
2626	0	1	6
2629	0	2	13
2630	1	6	18
2631	1	4	6
2632	0	1	9
2633	1	5	5
2634	0	1	6
2635	0	5	9
2636	0	6	7
2637	1	5	4
2638	0	2	11
2639	1	2	20
2640	0	5	7
2641	0	2	20
2642	0	2	9
2643	0	3	8
2644	0	6	2
2645	0	2	3
2647	1	5	13
2648	0	2	8
2649	0	2	1
2650	0	3	3
2651	0	1	11
2652	0	5	4
2653	0	2	3
2654	1	5	5
2655	0	5	3
2657	1	0	0
2658	0	2	3
2659	0	5	11
2660	0	1	8
2661	0	1	19
2662	0	2	8
2664	0	5	3
2666	0	3	1
2667	1	5	20
2668	1	2	12
2669	0	3	9
2670	0	5	20
2671	1	5	7
2673	0	5	3
2674	0	2	12
2675	0	5	17
2677	1	5	3
2679	1	6	12
2681	1	2	12
2682	0	6	12
2683	0	5	3
2684	1	6	9
2685	0	3	3
2686	0	2	9
2687	0	0	0
2688	0	2	8
2689	0	2	7
2690	0	2	3
2691	0	6	12
2692	1	6	12
2693	0	1	19
2694	0	6	12
2695	0	5	13
2696	0	2	3
2697	1	4	8
2698	1	2	16
2699	1	1	19
2700	0	2	3
2701	0	3	6
2702	0	3	20
2703	0	5	13
2704	0	1	19
2705	0	2	6
2706	1	2	6
2707	0	1	19
2708	0	2	3
2709	1	2	9
2710	0	5	8
2711	1	2	12
2712	1	6	15
2713	0	2	3
2714	0	6	12
2715	1	4	12
2716	1	4	12
2717	0	2	12
2718	1	2	12
2719	0	2	7
2720	0	5	9
2722	0	5	3
2723	1	2	5
2724	1	3	16
2725	0	5	3
2726	0	3	13
2727	0	2	13
2728	0	5	7
2730	0	5	13
2731	0	5	3
2732	0	3	8
2733	0	3	8
2734	1	6	12
2735	0	2	3
2736	0	3	7
2737	0	2	10
2738	1	4	16
2740	0	3	8
2742	0	2	8
2743	0	2	11
2744	0	6	8
2745	1	5	6
2746	0	4	11
2747	1	6	12
2748	0	2	12
2749	0	2	7
2750	1	2	2
2751	1	2	1
2752	0	2	2
2753	1	4	4
2754	0	4	7
2755	0	5	3
2756	0	6	12
2757	0	2	16
2758	0	1	14
2760	0	1	9
2761	0	5	20
2762	0	4	1
2763	1	6	12
2764	0	2	3
2765	0	4	3
2766	0	3	3
2768	0	2	8
2769	0	2	3
2770	0	5	6
2771	0	6	6
2772	0	5	8
2773	0	5	16
2775	1	6	12
2776	0	2	11
2777	0	6	12
2778	0	1	19
2779	0	5	3
2780	0	2	8
2781	0	5	12
2782	1	6	12
2783	0	3	8
2784	0	4	4
2785	0	1	19
2787	0	2	12
2790	0	2	4
2791	0	1	3
2792	0	6	12
2793	0	5	3
2794	0	2	16
2795	0	4	19
2796	0	2	11
2797	1	2	3
2798	0	5	4
2799	0	6	9
2800	1	6	12
2801	1	2	10
2802	0	5	4
2803	0	2	3
2804	1	5	9
2805	0	1	15
2806	0	0	0
2807	1	5	13
2808	0	1	1
2809	0	2	3
2810	1	0	0
2811	0	2	15
2812	0	2	8
2813	0	2	4
2814	0	5	3
2815	0	5	8
2818	0	2	7
2819	0	3	11
2820	1	5	9
2822	0	4	3
2823	0	2	12
2825	1	2	4
2826	0	5	7
2827	0	2	8
2828	0	6	12
2830	0	5	3
2831	0	2	9
2833	0	2	2
2834	0	5	6
2835	0	5	4
2836	0	2	7
2837	0	6	9
2838	0	6	6
2839	0	2	8
2840	0	2	9
2841	0	4	7
2842	0	5	8
2843	1	2	12
2844	0	2	4
2845	0	2	12
2846	1	6	12
2847	0	6	12
2848	0	2	9
2850	0	6	4
2851	1	2	3
2852	0	2	7
2853	0	0	6
2854	1	6	12
2855	0	2	12
2856	0	5	13
2857	0	2	9
2858	1	0	0
2859	0	6	6
2860	0	5	8
2861	0	2	2
2862	0	3	3
2863	1	2	16
2864	1	5	10
2865	1	2	20
2866	0	2	3
2867	0	3	8
2868	0	5	7
2869	0	4	8
2870	0	4	17
2872	0	2	4
2873	1	6	12
2874	1	5	4
2875	0	2	16
2876	0	2	8
2877	0	5	6
2878	1	4	4
2879	0	6	12
2880	0	6	7
2881	1	2	7
2882	0	6	4
2883	0	6	4
2884	1	4	10
2885	1	6	6
2886	0	6	12
2887	0	2	10
2889	0	5	10
2890	0	5	3
2892	0	2	12
2893	0	2	6
2894	0	6	12
2895	0	2	13
2896	0	6	11
2897	0	2	18
2898	0	6	12
2899	0	5	11
2900	0	6	7
2901	0	2	8
2902	0	2	7
2903	0	2	1
2905	0	5	8
2906	0	5	15
2907	1	5	18
2908	0	6	16
2910	0	0	15
2911	1	2	12
2912	1	6	12
2913	1	5	4
2914	0	2	12
2915	0	2	3
2916	0	3	16
2917	0	2	9
2918	0	2	7
2919	0	6	8
2920	0	2	16
2921	0	4	6
2922	0	2	8
2923	0	5	7
2924	1	6	12
2925	1	2	12
2926	1	6	16
2927	0	2	7
2928	0	2	16
2929	0	6	16
2932	0	2	7
2933	0	5	13
2934	1	5	4
2935	0	2	9
2936	1	6	12
2937	1	6	12
2938	1	2	9
2939	1	2	2
2941	0	5	7
2942	1	4	6
2943	0	5	7
2944	1	6	12
2945	1	5	8
2946	0	5	1
2947	1	2	9
2948	0	6	11
2949	0	2	8
2950	0	6	9
2951	1	5	11
2952	0	2	12
2953	0	2	4
2954	0	6	16
2956	0	2	7
2957	0	6	12
2958	0	2	3
2959	0	5	8
2960	0	6	12
2961	0	4	8
2962	0	5	10
2963	1	6	12
2964	0	2	8
2965	1	5	12
2966	1	2	12
2967	0	2	9
2968	1	6	9
2969	0	2	3
2970	0	6	12
2971	0	2	12
2972	0	2	12
2973	1	6	12
2975	0	5	13
2976	0	6	4
2977	1	6	12
2978	0	5	4
2979	0	5	16
2980	0	3	3
2982	0	2	12
2983	0	6	12
2984	0	2	12
2985	0	6	12
2987	0	6	12
2989	0	5	7
2990	0	5	7
2991	0	4	6
2993	0	6	15
2994	0	5	18
2995	0	2	2
2996	0	6	9
2997	1	5	1
2998	1	2	6
2999	0	2	3
3000	0	2	12
3001	0	6	12
3002	0	3	13
3003	0	6	2
3004	1	6	12
3005	0	2	8
3007	0	5	9
3008	0	6	12
3009	1	5	10
3010	0	2	7
3012	0	2	7
3013	0	3	8
3014	0	5	3
3015	0	1	20
3016	0	6	7
3017	1	5	5
3018	0	5	9
3019	0	4	7
3020	1	5	3
3021	1	3	2
3022	0	2	8
3024	0	5	8
3025	1	5	9
3026	1	6	12
3027	0	6	12
3028	0	0	0
3029	0	6	12
3031	0	6	12
3032	0	2	9
3033	0	6	12
3034	1	6	6
3035	1	2	3
3036	0	1	19
3037	1	2	16
3038	1	5	16
3039	1	4	10
3041	0	2	12
3043	0	6	16
3044	0	5	1
3045	0	3	6
3046	0	0	12
3047	1	2	12
3048	0	6	16
3049	1	4	9
3050	0	5	7
3051	0	6	8
3052	0	5	7
3053	1	2	10
3054	0	6	12
3055	1	2	10
3056	0	2	17
3057	1	2	7
3058	0	6	7
3059	0	5	9
3060	1	5	6
3061	0	3	16
3062	0	6	12
3063	0	6	12
3064	0	5	8
3065	1	6	12
3066	0	6	12
3067	1	2	9
3068	1	5	5
3069	0	6	12
3070	1	6	12
3071	0	2	6
3072	0	4	6
3073	0	2	9
3074	0	2	9
3075	1	2	13
3076	0	5	8
3077	0	6	12
3078	1	5	6
3079	1	2	6
3080	0	2	4
3081	0	2	3
3082	1	5	20
3083	1	4	9
3084	0	2	1
3085	0	2	12
3086	0	6	7
3087	1	0	6
3088	1	2	12
3089	0	3	1
3090	0	2	16
3091	1	2	9
3092	0	5	2
3093	1	3	4
3094	0	5	9
3095	1	2	10
3096	1	3	10
3097	1	2	18
3098	0	2	12
3099	0	2	8
3100	1	2	20
3101	0	6	2
3103	0	2	4
3104	0	6	8
3105	0	5	7
3106	0	2	9
3107	0	2	8
3108	0	4	20
3109	1	2	13
3110	0	2	9
3111	0	6	12
3112	0	6	7
3113	0	2	0
3114	0	6	18
3116	0	2	7
3117	0	5	9
3118	0	2	9
3119	0	3	6
3121	0	2	16
3122	1	2	3
3123	0	2	16
3124	0	2	7
3125	0	2	3
3126	0	2	16
3127	1	2	9
3128	0	6	16
3129	0	2	3
3131	1	2	16
3132	0	5	3
3133	0	6	12
3134	0	6	12
3136	1	2	12
3137	0	2	13
3138	0	5	8
3140	1	2	12
3142	0	2	4
3143	1	4	1
3144	1	2	3
3145	0	6	12
3146	0	2	9
3147	0	2	11
3148	0	6	4
3149	0	6	12
3150	1	2	10
3151	1	2	9
3152	0	6	12
3153	1	2	12
3154	1	2	12
3155	0	2	3
3156	0	5	3
3157	0	2	7
3158	0	2	2
3159	1	2	2
3160	0	2	8
3161	0	2	3
3162	0	2	6
3163	0	6	2
3164	0	6	7
3165	0	5	3
3166	0	6	12
3167	0	2	16
3168	1	5	18
3169	0	4	9
3170	0	2	9
3171	1	4	10
3172	0	6	7
3173	0	2	7
3174	1	6	11
3175	0	5	1
3176	0	2	8
3177	1	2	20
3178	1	5	18
3180	0	2	11
3181	0	2	7
3182	0	2	7
3183	0	4	3
3185	0	6	3
3186	0	4	6
3187	0	5	7
3188	0	1	19
3189	0	2	1
3190	0	0	8
3191	0	2	7
3192	0	6	12
3193	0	2	9
3194	0	2	2
3195	0	6	12
3196	1	6	12
3197	1	6	11
3198	0	2	7
3199	0	6	9
3200	1	2	6
3201	0	3	3
3202	1	6	12
3203	0	5	9
3204	0	3	1
3205	1	5	1
3206	0	6	4
3207	0	5	3
3209	0	2	9
3210	1	3	9
3211	0	4	1
3213	1	2	6
3214	1	1	3
3215	1	4	19
3216	0	5	6
3217	1	5	9
3218	0	1	20
3219	1	6	12
3220	0	5	3
3221	0	2	9
3222	0	5	3
3225	0	6	9
3226	0	5	12
3227	1	2	11
3228	0	2	11
3229	1	1	6
3230	0	5	1
3231	0	2	3
3233	0	4	16
3234	1	0	9
3235	0	6	12
3236	0	6	2
3237	0	5	3
3238	0	5	3
3239	1	2	7
3241	1	4	9
3242	0	4	19
3243	0	2	7
3244	1	6	12
3245	0	6	16
3246	1	5	6
3247	0	5	2
3248	1	2	3
3249	1	2	12
3250	0	2	12
3251	0	5	8
3252	0	4	9
3253	1	5	12
3254	1	5	20
3255	1	2	2
3256	0	2	2
3257	0	2	11
3258	0	3	20
3260	0	2	12
3261	0	3	4
3262	0	2	11
3263	0	4	13
3264	1	2	6
3265	0	2	2
3266	1	2	12
3267	0	2	12
3268	0	2	7
3269	1	6	4
3270	0	6	13
3271	1	5	9
3272	0	5	9
3273	0	5	3
3274	0	2	4
3276	0	2	4
3277	0	2	8
3278	0	5	3
3279	0	3	2
3280	0	2	3
3281	0	2	8
3282	0	3	10
3283	0	5	1
3284	0	2	20
3285	0	2	12
3287	0	1	19
3288	0	2	11
3289	0	3	20
3290	0	2	11
3293	0	3	11
3294	0	6	12
3295	0	6	17
3296	0	6	11
3297	0	6	12
3298	0	0	0
3299	1	2	12
3300	0	5	18
3301	1	2	16
3302	0	2	8
3303	0	1	8
3304	1	3	18
3305	0	1	4
3306	0	3	11
3307	0	4	20
3308	1	6	4
3309	0	2	8
3310	0	3	11
3311	0	2	12
3312	1	6	12
3313	0	5	4
3314	0	2	3
3316	0	0	15
3317	0	2	12
3318	0	1	19
3319	1	1	19
3320	0	2	6
3321	0	5	6
3322	1	6	12
3323	0	5	11
3324	0	5	8
3325	1	5	11
3326	0	3	3
3327	0	6	7
3328	0	1	15
3329	0	4	17
3330	1	5	6
3332	0	2	3
3333	0	6	1
3334	0	5	9
3335	0	2	9
3336	0	5	8
3337	0	2	12
3338	0	3	1
3339	0	2	8
3340	0	3	1
3341	0	2	4
3342	1	2	18
3343	1	6	12
3344	0	5	9
3346	0	5	3
3347	1	5	3
3348	0	3	1
3349	1	6	12
3350	1	6	9
3351	1	6	18
3352	0	5	9
3353	0	5	8
3354	0	2	3
3355	0	2	6
3356	0	5	3
3357	0	2	17
3358	1	2	6
3359	0	2	4
3360	1	2	9
3361	0	2	12
3362	1	2	9
3363	1	5	5
3364	0	1	19
3365	0	4	8
3366	0	5	11
3367	0	4	1
3368	0	2	11
3369	0	3	17
3370	0	6	12
3371	0	2	16
3372	0	1	19
3373	0	6	1
3374	0	5	18
3375	0	2	12
3376	0	5	1
3377	0	2	8
3378	0	6	12
3379	0	5	6
3380	0	4	9
3381	0	2	9
3382	1	0	0
3383	0	1	1
3384	0	5	3
3385	1	2	5
3386	0	6	12
3387	0	6	6
3388	1	2	6
3389	0	6	9
3390	1	3	4
3391	0	6	12
3392	0	4	20
3393	0	5	7
3395	0	2	3
3396	0	2	7
3397	0	2	18
3398	0	6	4
3400	0	2	11
3401	0	5	3
3402	0	5	4
3403	0	5	18
3405	0	5	11
3406	1	2	3
3407	1	3	18
3408	0	2	8
3409	0	2	12
3412	0	2	17
3413	1	2	8
3414	0	2	8
3415	0	5	3
3417	1	6	16
3418	1	6	10
3419	0	3	6
3420	1	2	3
3421	0	3	3
3422	0	2	18
3423	0	2	3
3424	0	2	20
3425	0	6	4
3426	0	2	4
3427	0	2	11
3428	0	3	6
3429	1	2	3
3430	1	3	6
3431	1	3	20
3432	0	2	7
3433	0	6	7
3434	0	6	12
3435	0	3	6
3436	0	5	9
3437	1	2	9
3438	1	2	9
3439	0	6	8
3440	0	1	8
3441	1	2	11
3442	0	6	7
3443	1	5	8
3444	0	4	11
3445	1	5	4
3446	0	2	3
3449	0	2	11
3450	0	2	18
3451	1	2	13
3452	0	2	11
3454	0	6	9
3455	1	2	9
3457	0	2	4
3459	0	6	12
3460	0	0	12
3461	0	5	9
3463	0	2	2
3464	1	2	11
3465	0	2	11
3466	0	2	11
3467	0	2	11
3468	0	2	4
3470	0	5	8
3471	0	6	12
3474	0	5	13
3476	0	4	9
3477	1	4	6
3478	0	2	3
3480	0	2	9
3481	0	6	12
3482	0	4	8
3483	1	3	3
3484	0	6	12
3486	1	6	9
3488	0	3	8
3489	0	6	12
3490	0	2	9
3491	0	2	1
3492	0	5	3
3493	0	2	8
3494	0	2	6
3495	0	6	12
3496	0	5	18
3497	1	5	16
3498	0	2	8
3499	0	2	10
3500	0	5	3
3501	1	5	3
3503	0	6	12
3504	0	6	3
3505	1	2	2
3506	0	6	7
3507	0	2	9
3508	0	6	12
3509	0	6	12
3510	1	6	12
3511	0	4	9
3512	0	6	8
3513	0	2	1
3514	0	6	7
3515	0	5	10
3516	0	6	12
3518	1	6	3
3519	1	2	11
3520	0	2	9
3521	0	2	9
3522	0	6	9
3523	0	5	3
3524	1	2	9
3525	1	6	12
3526	0	5	16
3527	0	2	9
3528	0	5	18
3529	1	3	6
3531	1	2	13
3532	1	5	11
3533	0	2	16
3534	0	5	8
3535	0	3	17
3536	0	6	12
3537	0	0	0
3538	0	5	9
3539	1	2	12
3540	0	6	8
3541	0	2	10
3542	0	2	2
3543	0	2	8
3544	1	2	12
3545	0	5	7
3546	0	2	4
3547	0	5	1
3548	0	3	3
3549	1	5	3
3551	1	1	9
3552	1	5	16
3553	0	5	1
3554	0	2	2
3555	0	1	3
3557	0	6	18
3558	0	6	8
3559	0	6	12
3560	1	2	20
3561	0	5	11
3562	1	2	20
3563	0	2	16
3565	0	2	17
3566	0	3	9
3567	0	2	11
3568	0	2	9
3569	1	6	16
3570	0	5	7
3571	0	6	12
3572	0	5	13
3573	0	0	0
3574	1	5	20
3575	0	2	17
3576	0	4	3
3577	1	1	9
3578	0	4	10
3579	0	6	9
3580	1	6	10
3581	0	6	6
3582	1	5	9
3583	1	2	5
3584	0	6	9
3585	0	5	4
3586	0	5	4
3587	0	5	10
3588	0	2	16
3589	1	3	9
3590	1	6	2
3591	0	5	20
3592	1	1	16
3593	1	2	5
3594	0	0	9
3595	0	2	9
3596	1	5	12
3597	0	2	8
3598	0	1	6
3600	0	5	4
3601	1	5	10
3602	0	2	7
3603	1	5	3
3604	1	0	0
3605	0	6	7
3607	0	5	8
3608	1	5	5
3610	0	6	20
3611	0	2	16
3612	0	2	11
3613	0	2	9
3614	0	2	9
3615	0	2	8
3616	0	3	9
3617	0	5	3
3618	0	1	8
3619	0	4	1
3620	0	2	3
3621	0	6	12
3622	0	6	6
3623	0	5	13
3624	0	2	7
3625	0	6	0
3626	0	2	8
3627	1	5	6
3629	1	4	3
3630	0	6	12
3631	0	6	12
3632	0	4	13
3633	0	5	17
3634	0	4	6
3635	0	4	6
3636	0	2	9
3637	0	2	20
3638	0	2	16
3639	0	6	12
3640	0	5	3
3641	0	2	9
3642	1	2	3
3643	0	2	8
3645	0	5	8
3647	0	2	3
3648	0	6	12
3649	1	2	9
3650	0	2	9
3651	0	2	11
3652	0	2	7
3653	0	6	2
3655	1	2	3
3656	1	3	18
3657	0	6	8
3659	0	6	12
3660	0	5	3
3661	0	5	7
3662	0	5	1
3663	1	5	5
3664	1	5	6
3665	0	2	9
3666	0	3	9
3667	1	0	0
3668	1	3	3
3669	0	2	11
3670	0	3	11
3671	0	2	12
3672	0	5	18
3673	0	2	16
3674	0	2	4
3675	0	5	3
3676	1	5	7
3677	1	2	7
3678	0	2	9
3679	0	2	12
3680	1	2	6
3681	0	2	3
3682	1	4	6
3683	0	2	16
3685	0	2	18
3686	0	2	3
3687	1	4	6
3688	0	6	20
3689	0	2	9
3690	0	6	9
3691	0	2	3
3692	0	5	8
3693	0	2	2
3694	0	2	7
3696	0	5	3
3697	0	2	2
3698	0	2	3
3699	1	1	10
3700	0	2	11
3701	0	5	6
3702	0	5	2
3703	0	6	7
3704	1	5	9
3705	0	3	3
3706	0	2	7
3707	1	6	9
3708	0	1	3
3709	0	2	7
3710	0	0	0
3711	0	5	9
3712	0	2	8
3713	1	2	3
3714	0	2	8
3716	0	6	7
3717	0	5	8
3719	0	2	6
3720	0	3	3
3721	0	2	2
3722	0	2	17
3723	0	2	11
3724	0	5	20
3725	0	6	12
3726	0	2	8
3728	0	6	12
3729	0	6	12
3730	0	2	6
3732	0	2	8
3733	0	6	12
3734	0	6	12
3735	0	2	9
3736	0	5	6
3737	0	2	11
3738	0	3	3
3742	0	2	9
3743	1	5	3
3745	1	2	5
3747	0	3	19
3748	0	6	12
3750	1	6	12
3751	1	5	7
3752	1	6	6
3753	0	2	3
3754	0	1	3
3755	1	4	11
3756	0	6	7
3757	0	2	3
3758	1	5	18
3759	0	5	20
3760	0	4	9
3761	0	2	8
3762	0	4	20
3763	0	2	16
3764	0	2	6
3765	1	4	10
3766	1	6	6
3767	0	2	9
3768	0	2	12
3769	0	2	2
3770	1	5	10
3771	0	2	6
3772	0	5	8
3773	0	5	20
3774	0	2	9
3775	0	5	7
3776	1	2	12
3777	0	6	12
3778	0	2	9
3779	1	3	16
3780	0	0	9
3781	1	1	13
3782	1	2	9
3783	0	2	3
3786	1	2	9
3788	1	6	9
3789	1	2	9
3790	1	2	8
3791	0	4	17
3792	0	2	20
3793	0	6	12
3794	1	6	12
3795	1	6	12
3796	0	3	11
3797	0	2	3
3798	0	2	3
3799	0	6	9
3801	0	6	7
3802	0	6	9
3803	1	5	5
3804	0	2	20
3805	1	5	6
3806	0	6	12
3807	1	5	15
3808	0	2	3
3809	0	5	20
3810	0	4	3
3811	0	2	2
3812	0	5	8
3813	0	5	3
3814	0	2	2
3815	0	2	8
3816	1	2	10
3817	0	5	10
3818	0	3	8
3819	0	2	7
3820	0	2	8
3821	0	2	4
3822	0	3	4
3823	0	1	3
3824	0	2	8
3825	0	6	6
3826	0	2	6
3827	0	4	16
3828	0	2	4
3829	1	2	6
3830	0	6	12
3831	1	6	20
3832	1	2	3
3833	0	2	6
3834	0	6	16
3835	0	2	3
3836	1	4	14
3837	0	2	8
3838	1	2	11
3839	0	4	11
3840	1	2	9
3841	0	3	17
3842	1	5	1
3843	1	0	0
3844	0	6	12
3845	0	2	7
3846	0	5	9
3847	0	2	3
3848	0	2	2
3849	0	5	9
3850	0	6	10
3851	0	2	7
3852	0	4	1
3854	0	2	11
3855	0	2	8
3856	1	5	4
3857	0	6	11
3858	1	3	5
3860	0	3	8
3861	0	6	12
3862	0	2	8
3863	0	2	9
3864	0	4	4
3865	1	0	0
3866	0	3	11
3868	0	6	7
3869	0	6	8
3870	0	2	8
3871	0	6	12
3872	0	2	6
3873	1	3	16
3874	0	2	3
3875	0	2	9
3876	0	2	9
3877	0	3	6
3878	0	5	1
3879	0	2	10
3880	0	2	3
3881	0	6	16
3882	0	1	11
3884	0	6	12
3885	0	2	7
3886	0	5	3
3887	0	6	12
3888	0	3	8
3889	0	3	20
3890	0	6	12
3891	1	1	1
3892	0	2	4
3894	0	5	1
3895	1	5	9
3896	0	5	9
3898	0	3	13
3900	1	2	11
3901	0	6	11
3902	0	2	18
3904	0	0	0
3905	0	2	8
3906	0	4	8
3907	1	6	11
3909	0	6	8
3910	0	2	4
3911	0	6	9
3912	0	2	12
3913	0	6	8
3914	0	5	12
3916	0	2	12
3917	1	5	5
3918	0	2	17
3919	0	3	9
3920	0	5	8
3921	0	2	11
3922	0	6	12
3923	0	5	16
3925	0	2	7
3926	0	2	16
3927	1	2	1
3928	0	2	9
3929	0	2	18
3930	0	1	10
3931	0	2	18
3932	0	2	3
3933	1	5	20
3934	0	2	9
3935	0	5	17
3936	1	5	7
3937	0	1	16
3938	0	2	16
3939	0	3	3
3940	0	5	4
3941	0	3	8
3942	0	6	12
3943	1	5	3
3944	1	5	1
3945	1	3	6
3947	0	2	9
3948	1	3	7
3949	0	3	9
3950	0	2	12
3951	1	6	12
3952	1	3	6
3953	0	2	7
3954	0	6	12
3955	0	5	9
3958	0	3	3
3959	1	3	6
3960	1	5	11
3961	0	2	6
3963	0	4	4
3964	0	1	1
3966	0	2	9
3967	1	6	16
3968	0	2	16
3969	0	1	3
3970	1	2	16
3971	1	6	12
3972	1	2	20
3973	0	2	3
3975	1	2	18
3976	1	2	9
3977	0	5	11
3978	0	5	19
3979	1	4	5
3980	0	2	12
3981	1	3	9
3982	0	1	19
3983	0	2	9
3984	0	2	3
3985	0	3	1
3986	0	2	3
3987	1	6	12
3988	1	2	11
3989	0	4	7
3990	0	2	1
3991	0	2	3
3992	0	2	12
3994	0	4	3
3997	0	5	8
3998	0	3	9
3999	0	5	8
4000	0	5	3
4001	1	2	6
4002	0	3	1
4003	0	1	19
4004	0	4	9
4005	0	5	3
4006	0	0	3
4008	0	6	6
4009	0	6	3
4010	0	2	11
4011	0	2	8
4012	0	6	12
4013	0	2	6
4014	0	2	9
4015	1	3	10
4016	0	4	9
4017	0	2	11
4018	1	3	4
4019	0	5	8
4020	0	2	20
4021	0	4	4
4022	0	5	11
4024	0	2	18
4025	1	1	20
4026	0	2	3
4027	1	2	3
4029	1	1	10
4031	0	2	9
4032	0	2	7
4033	0	2	20
4034	0	2	9
4035	0	6	12
4036	0	2	6
4037	0	4	1
4038	0	4	20
4039	0	2	1
4040	0	2	4
4041	0	6	10
4042	0	5	2
4043	1	2	2
4044	1	5	10
4045	0	1	19
4046	0	3	8
4047	0	6	12
4049	0	3	13
4050	0	5	20
4051	0	6	11
4052	0	2	16
4053	0	2	17
4055	0	4	9
4056	0	0	0
4057	0	5	20
4058	0	2	20
4059	0	2	11
4060	0	2	17
4061	0	4	20
4062	0	2	3
4063	1	5	6
4065	1	3	18
4066	0	2	9
4067	0	3	4
4068	0	1	10
4069	0	5	2
4070	0	2	2
4071	0	2	8
4073	0	2	20
4074	0	5	20
4075	0	2	1
4076	0	2	8
4077	1	5	16
4078	0	2	2
4079	0	5	8
4080	0	5	6
4081	0	6	7
4082	0	2	4
4083	0	1	11
4084	0	1	19
4085	1	2	20
4086	1	0	0
4088	0	2	10
4089	0	2	3
4090	0	1	20
4091	0	2	8
4092	1	2	9
4093	0	2	12
4094	0	2	8
4095	0	2	9
4096	0	2	2
4097	0	2	3
4098	0	5	3
4099	0	5	8
4101	0	6	12
4102	0	0	0
4103	0	6	1
4104	0	6	1
4105	0	4	3
4106	0	2	1
4107	1	2	9
4108	0	5	8
4109	0	5	10
4111	0	2	2
4113	0	5	8
4114	0	5	11
4115	0	2	2
4116	0	5	3
4117	0	6	12
4118	0	2	10
4120	0	2	1
4121	0	3	3
4122	0	6	15
4123	1	2	12
4124	0	2	17
4125	0	5	16
4126	0	2	8
4127	0	4	8
4128	0	5	20
4129	0	1	13
4130	0	5	20
4132	0	2	8
4133	0	3	12
4134	1	3	7
4135	0	0	0
4136	0	4	1
4137	0	2	3
4138	0	2	3
4139	0	1	11
4140	0	2	9
4141	0	5	8
4142	0	1	3
4143	1	2	18
4144	0	6	12
4146	0	5	8
4147	1	4	3
4148	1	5	3
4149	0	5	6
4150	0	2	9
4151	0	3	4
4152	0	2	11
4153	0	4	8
4154	0	2	6
4155	0	4	8
4158	1	0	0
4159	1	4	5
4160	0	5	4
4161	0	3	9
4162	1	2	11
4163	0	1	3
4164	0	5	6
4165	1	2	11
4166	1	2	3
4167	0	2	4
4168	1	3	20
4169	0	4	9
4170	0	3	3
4171	0	1	1
4172	0	5	3
4173	1	6	13
4174	1	5	10
4175	0	5	9
4176	0	3	3
4177	0	5	8
4178	1	4	1
4179	1	5	4
4180	0	1	19
4181	1	2	3
4183	0	2	6
4184	0	4	3
4185	0	2	11
4186	0	2	3
4188	0	4	3
4189	0	5	11
4190	0	3	8
4191	1	3	2
4192	0	5	8
4193	0	1	19
4194	0	6	12
4196	0	5	11
4197	1	3	6
4199	1	2	5
4201	1	2	9
4202	0	2	3
4203	0	2	17
4204	0	5	3
4205	1	2	2
4206	1	5	6
4207	0	5	6
4208	1	5	9
4209	0	1	9
4210	0	2	8
4211	0	3	18
4212	0	1	17
4213	0	5	3
4214	1	2	9
4215	0	2	3
4216	0	2	8
4217	0	6	12
4218	0	4	8
4219	0	5	8
4220	0	5	9
4221	0	5	12
4222	1	3	8
4224	1	3	6
4226	1	5	20
4227	0	2	15
4228	0	4	17
4229	0	5	8
4230	0	1	19
4231	1	4	17
4232	1	5	4
4233	0	5	12
4234	1	3	10
4235	0	4	16
4236	1	2	10
4237	0	2	11
4239	0	4	3
4240	0	5	8
4241	0	5	3
4242	0	4	3
4243	0	1	3
4244	0	5	8
4245	0	4	7
4246	1	5	3
4247	0	2	12
4248	0	2	12
4249	1	6	8
4252	1	5	10
4253	0	3	13
4254	0	2	8
4255	0	4	7
4256	1	0	16
4257	0	4	1
4258	0	2	8
4259	0	5	8
4260	0	2	1
4261	1	5	20
4262	1	5	20
4263	0	2	3
4264	0	3	6
4265	0	2	7
4266	0	1	19
4268	1	3	4
4269	0	5	17
4271	0	5	3
4272	0	3	8
4274	1	3	6
4275	1	3	1
4276	1	3	9
4277	0	5	1
4278	1	3	3
4279	0	2	1
4280	0	5	8
4281	0	1	19
4283	1	2	5
4284	0	4	3
4285	0	5	9
4287	0	2	3
4288	1	2	5
4289	0	5	11
4290	0	2	8
4291	0	5	11
4292	0	2	9
4293	1	3	5
4294	0	0	0
4295	0	6	17
4296	0	1	20
4298	1	6	11
4299	1	2	16
4300	1	6	12
4301	0	5	13
4302	0	4	6
4303	0	2	16
4304	0	6	9
4305	1	3	8
4306	0	3	3
4307	0	2	9
4308	0	2	9
4309	0	2	9
4310	0	2	12
4311	0	4	19
4313	1	2	3
4314	0	2	8
4315	0	6	12
4317	1	5	11
4318	0	2	18
4319	0	5	3
4320	0	2	18
4321	0	3	3
4322	1	4	20
4323	0	6	12
4325	0	2	9
4326	1	3	19
4327	0	5	8
4328	0	4	10
4329	1	2	11
4330	1	3	20
4332	1	2	10
4333	0	4	16
4334	0	2	6
4335	0	5	9
4336	1	2	9
4337	0	6	4
4338	1	6	18
4339	0	2	16
4340	1	2	8
4343	0	2	7
4344	0	2	6
4345	1	2	11
4346	0	6	8
4347	1	6	4
4348	0	3	9
4349	0	6	16
4350	0	6	16
4351	0	2	7
4352	0	6	12
4353	0	2	3
4354	0	5	11
4356	0	5	1
4357	1	5	5
4358	0	5	8
4359	0	6	12
4360	1	2	5
4361	0	5	2
4362	0	2	8
4364	0	2	17
4365	1	4	1
4366	0	6	2
4367	0	5	9
4368	0	6	8
4369	0	4	3
4371	1	6	12
4372	0	5	8
4373	0	4	7
4375	1	2	18
4376	1	2	18
4377	0	2	9
4378	0	6	8
4379	0	2	12
4381	0	2	12
4382	0	2	17
4383	1	6	12
4384	0	2	9
4385	0	2	12
4386	0	2	18
4387	1	6	12
4389	0	2	12
4390	0	2	9
4391	1	6	12
4392	0	6	12
4393	0	6	12
4394	0	2	12
4395	0	4	20
4396	0	6	6
4397	0	6	12
4398	1	6	12
4399	1	6	12
4400	1	6	12
4401	0	6	12
4402	1	6	11
4403	0	2	2
4404	0	2	6
4405	0	2	11
4406	0	2	1
4407	0	6	12
4408	1	3	16
4409	0	2	11
4410	0	6	15
4411	0	6	12
4412	0	6	12
4413	0	0	19
4414	0	2	12
4415	0	6	9
4416	0	6	12
4417	0	2	2
4418	1	4	9
4419	1	3	7
4420	0	2	2
4421	0	3	9
4422	0	2	18
4423	0	6	12
4424	0	2	3
4425	0	5	3
4426	0	3	8
4427	0	6	9
4428	0	2	11
4429	0	2	18
4430	1	2	9
4432	0	2	7
4433	0	2	9
4434	1	5	3
4435	0	2	3
4436	0	2	7
4437	1	5	18
4438	0	4	9
4439	0	5	20
4440	0	5	6
4441	0	6	12
4442	0	4	2
4443	0	1	16
4444	1	2	7
4446	0	6	17
4447	0	3	18
4448	0	2	11
4449	0	2	7
4450	0	2	2
4451	0	2	11
4452	1	2	3
4453	0	5	9
4454	0	2	4
4456	1	5	16
4457	0	5	11
4458	1	2	12
4459	0	2	6
4460	0	2	11
4461	0	2	4
4462	1	2	9
4463	0	4	3
4464	1	4	6
4465	0	6	12
4466	0	5	13
4467	1	4	20
4468	1	5	3
4469	1	3	7
4470	0	5	7
4471	0	2	20
4472	1	3	1
4473	0	5	6
4474	0	5	3
4475	0	6	12
4476	0	3	6
4477	0	2	3
4478	0	0	7
4479	0	4	19
4480	0	2	9
4481	0	2	17
4482	1	5	6
4483	1	2	20
4484	1	2	8
4485	0	2	12
4486	0	5	14
4488	0	5	3
4489	0	6	12
4490	0	5	18
4491	0	6	12
4492	0	1	19
4493	1	0	0
4494	0	3	9
4495	0	6	12
4496	0	3	16
4497	0	4	9
4498	0	4	3
4499	0	2	20
4500	0	4	3
4501	0	2	8
4502	0	4	9
4504	1	2	9
4505	0	4	3
4506	0	4	1
4507	0	6	12
4508	0	2	4
4509	0	2	3
4511	0	5	3
4512	0	2	6
4513	0	1	9
4515	0	1	19
4516	0	6	12
4517	1	6	6
4518	0	2	9
4519	0	4	3
4520	0	2	12
4521	0	5	7
4522	0	3	6
4523	0	6	16
4524	0	2	16
4525	0	2	11
4528	0	2	11
4529	0	5	20
4530	1	5	6
4531	0	6	12
4532	0	2	3
4533	0	2	7
4538	0	2	7
4540	1	2	11
4541	0	0	0
4542	0	5	9
4544	0	1	6
4545	0	2	1
4546	0	2	3
4547	0	6	7
4548	0	6	16
4549	1	0	0
4550	0	6	1
4551	0	6	7
4553	1	5	1
4554	1	2	5
4555	1	6	5
4556	0	3	1
4557	0	2	11
4558	0	5	11
4559	0	2	3
4561	1	2	5
4562	0	5	0
4563	1	2	20
4564	0	5	7
4565	0	5	11
4568	1	2	12
4569	0	2	9
4570	0	3	8
4571	0	5	3
4572	1	0	0
4573	0	4	1
4574	0	2	12
4575	1	0	0
4576	1	2	3
4577	0	5	3
4578	0	2	9
4579	1	6	12
4580	1	1	19
4581	0	2	6
4582	1	2	9
4585	0	5	3
4586	0	2	12
4587	0	5	11
4588	1	2	12
4589	0	2	8
4590	1	6	4
4591	0	2	2
4592	0	6	12
4593	1	3	6
4594	0	5	1
4595	0	2	17
4596	1	6	12
4597	1	2	12
4598	1	5	10
4599	1	5	9
4600	0	2	9
4601	0	5	11
4604	0	2	2
4605	0	2	2
4606	1	0	0
4607	0	2	9
4608	1	2	9
4609	1	2	12
4610	1	2	12
4611	1	6	12
4612	1	6	12
4613	0	2	7
4614	1	3	6
4615	0	2	8
4616	0	2	4
4617	1	2	20
4618	0	2	11
4619	1	2	6
4620	1	6	8
4621	0	2	12
4623	0	2	1
4624	0	2	7
4625	0	2	3
4626	0	2	11
4627	0	1	6
4628	1	1	20
4629	1	6	12
4631	0	6	12
4632	0	2	9
4633	0	0	9
4634	0	4	4
4635	0	6	12
4636	0	6	16
4637	1	5	5
4638	0	2	12
4639	0	5	13
4640	0	2	12
4641	0	2	3
4642	0	2	9
4643	0	2	9
4644	0	4	6
4645	1	4	20
4646	1	2	20
4647	0	5	4
4648	0	6	12
4649	0	1	19
4650	0	2	3
4651	1	3	9
4652	1	2	3
4653	0	5	7
4654	0	5	4
4655	1	2	6
4656	0	2	8
4657	0	3	11
4658	0	2	12
4659	1	2	11
4660	1	6	12
4661	0	3	2
4662	1	6	12
4664	1	3	3
4665	0	5	16
4666	0	5	6
4667	0	2	11
4668	0	5	11
4669	0	5	3
4670	0	5	18
4671	0	2	7
4672	0	1	19
4673	0	5	1
4674	1	5	3
4675	1	6	12
4676	0	3	11
4677	0	4	20
4678	0	5	16
4679	0	1	19
4680	0	5	9
4681	1	5	2
4682	0	2	3
4683	0	2	9
4685	0	5	6
4686	0	6	6
4687	0	5	11
4688	0	2	5
4689	0	6	7
4690	1	0	0
4691	1	3	8
4692	1	2	3
4693	0	6	6
4694	0	1	3
4695	0	6	17
4696	0	6	7
4697	0	6	0
4698	1	2	20
4699	1	6	9
4700	1	6	12
4701	0	3	8
4702	0	2	13
4703	0	2	3
4704	0	6	4
4705	1	6	9
4706	0	2	11
4707	0	0	9
4709	0	3	9
4711	0	2	8
4712	0	5	8
4713	0	2	8
4714	0	4	6
4715	0	2	16
4717	0	3	8
4718	0	5	3
4719	1	5	5
4722	0	5	7
4723	0	5	3
4724	1	1	20
4725	0	5	18
4726	1	5	1
4727	1	1	9
4728	0	2	15
4729	0	4	1
4730	0	4	13
4731	0	2	8
4732	0	2	11
4733	0	6	17
4735	0	3	10
4736	0	6	4
4737	0	5	1
4738	0	1	6
4739	0	2	10
4741	0	5	3
4742	0	2	10
4743	0	1	19
4746	0	4	6
4747	0	6	12
4748	0	3	1
4750	1	2	9
4751	0	4	2
4752	1	6	12
4753	0	1	6
4754	1	6	9
4755	1	1	3
4756	0	1	1
4757	0	5	8
4758	1	1	19
4759	1	4	9
4760	0	5	8
4761	0	6	2
4762	1	2	11
4763	0	1	13
4764	0	0	0
4765	1	5	1
4766	0	5	1
4767	1	5	5
4769	0	2	6
4770	1	5	3
4771	1	2	12
4772	0	1	8
4773	0	3	6
4775	0	2	8
4776	1	2	10
4778	0	2	9
4779	0	3	10
4780	0	2	7
4781	1	4	20
4782	0	3	6
4784	1	5	20
4786	0	3	20
4788	0	5	3
4789	0	5	16
4790	1	2	16
4791	0	6	12
4793	1	2	20
4794	1	5	9
4795	0	3	1
4796	0	5	3
4797	1	5	8
4798	0	2	6
4799	1	6	12
4800	0	6	12
4801	0	2	12
4802	0	1	6
4803	1	2	1
4805	0	5	6
4806	0	2	8
4807	0	0	16
4808	0	5	9
4809	1	4	12
4810	0	6	7
4814	0	6	11
4815	1	4	17
4817	0	2	6
4818	1	2	8
4819	0	5	17
4820	0	4	13
4821	0	6	15
4822	1	5	9
4823	0	6	12
4825	0	2	8
4826	0	3	7
4827	0	5	9
4828	1	6	4
4829	0	2	9
4830	0	0	0
4831	1	2	6
4832	0	2	11
4833	0	5	1
4834	1	3	5
4835	0	2	4
4836	1	3	1
4837	0	2	18
4839	1	4	20
4840	1	3	20
4841	0	2	7
4842	1	5	6
4844	0	3	3
4845	1	2	6
4846	1	2	16
4847	0	2	7
4848	1	5	20
4850	1	3	10
4851	0	6	8
4852	0	5	9
4853	0	2	3
4854	1	4	19
4855	0	2	7
4856	0	2	3
4857	0	2	11
4858	0	2	6
4859	1	6	11
4860	0	2	16
4861	0	2	12
4862	0	2	9
4863	1	2	5
4864	0	6	4
4865	1	5	11
4866	0	1	7
4868	0	5	8
4869	1	3	20
4870	1	5	10
4871	0	6	7
4872	0	3	6
4873	0	1	13
4875	0	5	9
4876	1	5	8
4877	0	2	12
4879	0	2	10
4880	1	3	5
4881	0	3	1
4882	0	3	13
4883	1	0	0
4884	0	5	11
4885	0	1	6
4886	1	5	8
4887	0	6	16
4888	1	1	9
4889	0	6	12
4890	1	2	6
4891	0	5	8
4892	0	2	7
4893	0	2	8
4894	0	5	3
4895	1	2	10
4896	0	5	20
4897	0	5	1
4898	0	2	6
4899	0	2	7
4900	0	2	4
4901	0	2	3
4902	0	5	11
4903	0	5	7
4904	0	4	2
4905	1	3	6
4906	0	4	8
4907	1	4	3
4908	0	5	2
4909	1	5	7
4910	0	6	7
4912	1	4	4
4914	1	2	6
4915	0	2	7
4916	0	6	4
4917	0	3	9
4918	1	6	7
4919	0	6	9
4920	0	5	6
4921	1	2	2
4922	0	6	8
4923	0	3	17
4924	1	5	9
4925	1	5	20
4926	0	0	0
4927	0	3	9
4928	1	2	10
4929	0	3	6
4930	0	4	8
4931	0	4	8
4932	0	2	3
4933	0	2	2
4934	1	2	9
4935	0	5	8
4936	1	6	12
4937	0	5	9
4938	1	6	12
4940	1	4	13
4941	0	1	4
4942	0	3	7
4943	1	4	9
4944	0	4	8
4946	1	5	6
4947	0	5	8
4948	0	3	16
4949	0	6	12
4950	0	2	1
4951	1	5	8
4952	1	2	11
4953	0	5	7
4954	0	3	9
4955	0	1	19
4956	0	5	2
4957	0	2	16
4958	0	6	3
4959	0	2	8
4960	0	1	6
4961	0	2	3
4962	0	2	20
4963	0	3	8
4964	0	5	9
4965	0	0	0
4966	0	4	11
4968	1	4	4
4970	1	2	7
4971	0	5	3
4972	0	5	9
4973	1	1	16
4974	0	5	4
4975	0	5	9
4976	0	2	13
4977	0	2	12
4978	0	5	11
4979	0	5	16
4980	0	2	6
4981	0	4	6
4982	0	2	7
4983	1	3	1
4984	0	5	9
4986	0	6	7
4987	1	1	14
4988	0	2	8
4989	0	2	9
4990	1	2	12
4991	1	1	11
4992	1	2	16
4993	0	3	8
4994	0	3	8
4996	0	5	3
4997	0	0	0
4998	1	6	12
4999	1	1	19
5000	0	2	12
5001	1	2	16
5002	0	2	8
5004	1	1	6
5005	0	3	1
5006	0	5	10
5007	1	6	12
5008	0	2	4
5009	1	3	1
5010	0	3	2
5011	0	6	12
5013	0	6	12
5014	0	3	9
5015	0	5	20
5016	1	5	6
5018	1	1	7
5019	0	2	3
5020	1	1	19
5021	0	4	20
5022	0	5	3
5023	0	5	4
5024	1	3	6
5026	0	2	8
5027	1	2	11
5028	0	2	7
5029	0	2	12
5030	0	6	6
5031	1	2	12
5033	1	1	19
5034	1	2	2
5035	1	2	8
5036	0	5	3
5037	0	5	7
5038	0	2	4
5039	1	5	12
5040	0	3	7
5041	1	3	20
5042	1	6	16
5043	1	6	20
5044	1	5	20
5045	0	5	9
5046	0	2	1
5047	0	3	20
5048	1	5	3
5049	0	2	7
5050	1	6	12
5051	1	4	3
5052	0	5	1
5053	0	2	12
5054	0	5	16
5055	1	5	1
5056	0	3	6
5057	0	4	3
5059	0	3	1
5060	0	3	8
5061	1	6	15
5062	0	4	1
5063	1	0	0
5064	0	6	12
5065	0	2	11
5066	1	2	6
5067	0	1	19
5068	0	5	3
5069	1	1	9
5071	1	2	3
5072	0	3	8
5073	0	1	16
5074	0	0	9
5075	0	4	20
5076	0	2	10
5077	0	2	16
5078	0	3	3
5079	0	2	12
5080	1	4	7
5081	1	6	12
5082	0	5	6
5083	0	2	12
5084	0	6	12
5085	0	1	8
5086	0	2	6
5087	1	2	20
5088	0	2	8
5089	1	5	1
5091	0	2	8
5092	0	1	11
5093	0	4	3
5094	0	6	0
5095	1	5	6
5096	0	2	13
5097	0	1	1
5098	0	4	3
5099	0	6	9
5100	0	4	20
5102	0	2	7
5103	1	5	1
5104	0	5	4
5105	0	4	3
5107	1	3	9
5108	1	2	5
5109	1	3	20
5110	0	5	2
5111	0	5	16
5112	0	5	19
5113	0	2	9
5114	1	0	0
5115	0	1	7
5116	0	5	20
5117	1	2	9
5118	0	0	0
5119	1	2	9
5120	0	4	3
5121	0	2	3
5122	0	2	9
5123	0	4	7
5124	0	5	16
5125	0	3	9
5126	0	2	13
5127	0	3	18
5128	0	4	3
5130	1	4	6
5131	1	2	6
5132	0	5	3
5133	0	6	13
5134	0	2	8
5135	0	5	3
5136	0	2	7
5137	0	6	17
5138	0	2	8
5140	0	2	20
5141	0	6	8
5142	0	2	6
5143	0	6	12
5144	1	4	9
5146	0	1	6
5147	0	6	9
5148	0	2	4
5149	0	5	6
5150	0	2	10
5151	0	6	15
5152	1	2	12
5153	0	2	3
5154	0	2	1
5155	0	2	1
5156	0	6	11
5157	0	5	6
5158	1	6	12
5159	0	5	3
5160	1	6	12
5162	0	2	8
5163	0	3	20
5164	1	5	8
5165	0	5	20
5166	0	4	20
5167	0	6	2
5168	0	5	3
5169	1	4	12
5170	0	6	12
5171	0	1	8
5172	1	5	13
5173	0	0	0
5174	0	3	6
5175	1	5	5
5176	0	0	0
5177	0	3	11
5178	0	4	9
5179	0	2	7
5180	0	5	13
5181	0	2	3
5182	1	5	3
5184	0	6	4
5185	1	5	12
5186	0	5	7
5187	0	6	1
5188	1	5	5
5189	1	3	3
5190	1	5	9
5191	1	2	12
5192	0	2	3
5193	0	5	7
5194	0	2	3
5195	0	5	3
5196	0	1	3
5197	1	1	10
5198	1	6	12
5199	1	2	6
5200	1	5	2
5201	0	4	3
5203	1	3	20
5204	0	4	19
5206	0	5	3
5207	0	2	9
5208	0	2	12
5209	0	4	6
5210	1	5	8
5211	0	2	6
5212	0	6	16
5213	0	6	9
5215	1	1	20
5216	0	6	16
5217	0	2	8
5218	0	6	9
5220	0	2	3
5221	1	1	6
5222	0	2	7
5223	0	1	0
5224	0	5	6
5225	0	6	12
5226	0	5	9
5227	0	6	0
5228	0	0	9
5229	0	2	9
5230	0	2	7
5231	0	5	3
5233	0	2	18
5234	1	2	9
5235	0	2	12
5236	0	2	11
5237	0	2	3
5238	1	4	1
5239	0	5	3
5240	1	2	9
5241	1	2	12
5242	0	2	6
5243	0	0	0
5244	0	6	12
5245	1	3	6
5246	1	6	9
5247	1	0	0
5248	1	3	11
5249	1	3	11
5250	0	4	20
5251	1	2	8
5252	0	2	4
5253	1	1	19
5256	0	2	1
5257	1	2	16
5258	0	5	12
5259	0	2	20
5260	0	5	3
5261	0	5	7
5262	1	2	11
5263	0	5	3
5264	0	6	12
5266	0	5	6
5267	0	5	3
5268	1	2	16
5269	0	6	9
5270	0	2	7
5271	1	2	9
5272	0	2	3
5273	0	1	4
5274	0	2	9
5275	0	2	8
5276	1	2	12
5277	0	2	4
5278	1	2	3
5279	1	2	11
5280	0	6	12
5281	0	2	16
5284	0	2	1
5285	0	6	12
5287	0	2	14
5289	0	3	16
5290	1	6	12
5291	0	3	6
5292	0	2	9
5293	0	2	7
5294	0	2	16
5295	0	5	3
5296	1	0	9
5297	0	2	7
5298	0	5	8
5299	0	2	16
5300	0	2	4
5301	0	2	8
5302	1	0	0
5303	1	1	20
5304	1	5	5
5305	1	6	12
5306	1	2	8
5307	0	2	18
5308	0	1	3
5309	0	2	9
5310	1	1	6
5311	0	4	9
5312	0	2	6
5313	0	1	9
5314	1	2	9
5315	0	2	7
5316	0	6	12
5317	1	2	9
5318	0	6	8
5319	0	6	8
5320	1	6	18
5322	0	5	8
5323	0	2	4
5324	0	2	3
5325	1	4	3
5326	0	2	16
5327	0	2	3
5328	1	2	12
5329	1	2	18
5330	1	2	9
5331	0	5	11
5332	0	6	12
5333	1	2	3
5334	1	1	19
5336	0	1	3
5337	1	5	10
5338	0	2	8
5339	0	6	8
5340	1	4	10
5341	1	2	10
5342	1	5	3
5343	1	2	5
5344	1	4	6
5345	1	2	8
5346	1	2	10
5347	0	2	20
5348	0	6	18
5349	1	4	16
5350	0	6	18
5351	1	3	6
5352	1	5	18
5353	0	2	20
5354	1	3	10
5355	0	1	9
5356	0	3	9
5357	1	6	4
5358	0	5	3
5359	0	6	1
5360	0	6	7
5361	1	4	1
5362	0	5	19
5363	0	1	19
5364	1	2	10
5365	0	6	7
5366	0	6	7
5367	0	6	12
5369	0	2	2
5370	0	2	7
5373	0	6	7
5374	0	5	3
5375	0	2	9
5376	0	2	8
5377	1	6	10
5378	0	5	17
5379	0	2	3
5380	0	6	12
5381	0	2	11
5382	0	6	12
5383	0	5	6
5384	1	2	10
5385	0	2	7
5387	1	2	6
5388	1	6	12
5390	0	0	9
5391	0	2	3
5392	0	4	6
5393	0	5	3
5394	0	6	9
5395	0	4	6
5396	0	2	20
5397	0	6	9
5398	0	1	8
5399	0	2	6
5400	1	6	12
5401	1	6	6
5402	1	2	9
5403	0	0	0
5404	0	2	9
5405	1	4	3
5406	1	5	9
5407	1	5	8
5408	0	2	4
5409	0	3	6
5411	1	0	15
5412	0	2	7
5413	0	5	6
5414	0	0	0
5415	1	2	3
5416	1	2	18
5417	0	6	8
5418	1	2	9
5419	1	6	7
5420	1	0	15
5421	0	5	8
5422	0	4	3
5425	0	6	12
5426	0	2	11
5427	0	5	15
5428	1	2	20
5429	1	2	6
5430	1	3	6
5431	0	1	6
5432	0	1	19
5433	1	5	8
5434	1	2	3
5435	0	3	17
5436	0	6	12
5437	0	2	13
5438	0	2	11
5439	0	1	19
5440	1	3	16
5441	0	4	3
5442	0	2	3
5443	0	2	7
5444	1	6	12
5445	0	2	9
5446	1	4	6
5447	0	3	16
5448	0	3	15
5450	0	6	7
5451	1	2	6
5452	0	5	20
5453	0	6	12
5454	0	5	3
5455	1	6	8
5456	0	5	6
5457	0	6	7
5458	1	6	16
5459	1	0	0
5460	0	6	12
5461	0	4	9
5462	0	2	8
5463	0	5	9
5464	0	5	3
5465	1	2	9
5466	0	2	7
5467	0	5	9
5468	0	2	7
5469	0	5	7
5470	0	1	3
5471	0	6	3
5472	0	5	6
5473	0	2	6
5474	0	2	7
5478	0	5	3
5479	0	5	6
5480	1	2	11
5481	0	3	7
5482	0	6	3
5483	1	2	20
5484	0	3	8
5485	0	2	12
5486	0	2	9
5487	0	2	8
5488	0	2	2
5489	0	6	3
5490	0	3	8
5491	0	6	3
5493	0	5	7
5494	1	5	8
5495	1	6	12
5497	0	2	12
5499	1	2	15
5501	0	2	16
5502	0	2	16
5503	1	2	5
5504	0	3	3
5505	1	2	12
5506	1	6	11
5507	0	3	3
5508	0	2	4
5509	0	2	9
5510	0	6	12
5511	0	3	6
5512	1	2	8
5513	0	5	6
5514	1	0	0
5516	1	4	1
5517	0	1	9
5518	0	4	8
5519	0	5	2
5520	0	3	6
5521	1	2	20
5522	0	2	11
5523	0	5	9
5524	1	0	0
5525	1	0	0
5527	0	2	6
5528	0	4	6
5529	0	6	20
5530	1	6	12
5531	0	4	8
5532	0	2	8
5533	1	4	16
5534	0	3	1
5535	0	2	2
5536	0	2	1
5537	1	1	6
5538	0	3	7
5539	1	2	4
5540	0	5	6
5541	0	1	3
5542	0	3	3
5543	0	2	8
5544	0	2	2
5545	1	5	1
5546	0	6	11
5548	1	6	12
5549	1	4	5
5550	0	5	2
5551	1	5	4
5552	0	4	3
5553	0	5	10
5554	0	2	6
5555	0	0	0
5556	0	3	20
5557	0	5	11
5558	0	0	0
5559	0	4	6
5560	1	5	8
5561	1	2	10
5564	0	3	4
5565	0	6	8
5566	0	5	3
5567	0	4	10
5568	0	6	12
5569	1	6	6
5570	0	2	6
5571	1	2	5
5572	1	2	12
5573	1	5	6
5574	0	2	9
5575	0	5	3
5576	0	2	12
5577	0	4	6
5578	1	6	6
5579	1	5	3
5580	0	3	3
5581	0	2	9
5582	0	3	6
5583	0	1	2
5584	1	4	9
5586	0	5	4
5587	0	2	8
5588	1	2	4
5589	1	2	9
5590	1	3	7
5591	0	6	9
5592	0	2	6
5593	0	4	1
5594	1	3	9
5595	0	2	4
5596	0	5	7
5597	1	6	12
5598	0	6	12
5599	0	5	3
5600	1	3	9
5601	0	5	6
5602	0	5	9
5604	0	5	2
5606	1	2	11
5607	0	6	12
5608	0	6	10
5609	1	4	6
5610	1	2	6
5611	1	5	3
5612	1	2	6
5613	1	5	9
5614	0	2	9
5615	0	5	3
5616	0	3	6
5617	0	2	11
5618	1	6	12
5619	1	6	12
5622	0	5	2
5623	0	2	13
5624	0	2	3
5625	0	2	6
5626	0	1	1
5627	0	2	9
5628	0	6	12
5629	0	2	11
5630	0	5	8
5631	0	5	7
5634	0	2	11
5635	1	5	5
5638	0	6	6
5639	1	6	12
5640	0	5	8
5641	1	2	8
5642	0	0	0
5643	1	5	6
5644	1	6	12
5645	0	2	16
5646	0	6	12
5647	0	6	6
5648	0	2	8
5650	1	5	7
5651	1	2	20
5653	0	4	6
5654	0	2	12
5655	1	2	20
5657	0	4	11
5658	0	1	9
5659	0	2	9
5660	0	2	16
5661	1	2	2
5662	0	0	0
5663	1	5	4
5664	0	6	12
5665	0	6	12
5666	0	6	1
5667	0	5	3
5668	1	2	10
5669	0	1	6
5671	0	2	6
5672	1	2	12
5673	1	5	6
5674	0	5	3
5675	0	5	11
5676	0	2	4
5677	0	2	6
5678	0	5	8
5679	0	5	16
5680	0	4	4
5682	0	6	9
5683	1	6	5
5684	0	6	1
5685	0	2	8
5686	0	1	1
5687	1	0	9
5688	1	6	12
5689	0	2	9
5690	0	6	12
5691	0	5	11
5692	1	2	3
5693	1	2	12
5694	1	2	7
5695	1	5	10
5696	1	2	11
5698	0	5	11
5699	0	5	2
5700	1	6	11
5701	0	2	3
5702	0	6	9
5703	0	1	6
5705	1	6	12
5706	0	6	8
5707	0	2	7
5708	0	5	6
5710	0	2	2
5711	0	2	3
5712	0	5	6
5713	1	4	3
5714	0	5	16
5715	0	6	12
5716	0	0	0
5717	0	2	9
5718	1	5	11
5720	0	2	9
5721	0	3	13
5722	0	2	4
5723	0	6	7
5724	0	2	2
5725	0	6	16
5726	0	2	6
5727	0	2	12
5728	1	5	4
5729	0	6	0
5730	0	6	9
5732	1	2	13
5733	0	2	12
5734	1	2	11
5735	0	2	20
5736	0	2	6
5737	0	3	2
5738	0	2	7
5739	0	2	3
5740	0	2	6
5741	0	4	19
5742	1	2	7
5743	1	5	9
5745	1	6	12
5746	0	6	2
5747	0	2	9
5748	0	2	9
5749	0	2	16
5750	0	6	6
5751	1	0	9
5752	1	1	9
5753	0	6	8
5755	1	5	16
5756	1	0	0
5757	0	0	0
5758	1	4	6
5759	1	2	6
5760	0	6	7
5761	0	2	4
5762	1	5	20
5764	1	4	7
5765	0	2	13
5767	0	2	16
5768	1	0	3
5769	0	3	11
5770	0	2	9
5771	0	2	3
5772	0	5	3
5773	0	2	20
5774	0	6	12
5775	0	2	13
5776	0	6	7
5777	0	0	9
5778	0	5	7
5779	0	2	18
5781	0	2	16
5782	1	5	9
5783	1	3	6
5784	0	6	0
5785	1	2	3
5786	0	2	20
5787	0	2	4
5788	0	2	9
5789	0	2	8
5790	1	5	9
5791	0	6	12
5792	0	2	8
5793	0	2	16
5794	0	5	8
5795	0	2	6
5796	1	2	3
5797	0	2	3
5798	0	5	9
5799	0	2	18
5800	0	5	17
5801	0	2	1
5802	1	2	9
5803	0	0	0
5804	1	5	3
5805	1	2	9
5806	1	4	6
5808	1	2	3
5809	0	2	3
5810	0	4	1
5811	0	6	12
5812	1	2	3
5813	0	2	3
5814	0	2	9
5815	0	2	4
5816	0	2	9
5817	0	2	8
5818	0	2	12
5819	0	4	20
5820	0	3	9
5821	0	2	2
5822	1	5	12
5823	0	2	7
5824	0	6	7
5825	1	2	12
5826	0	6	12
5829	1	2	12
5830	1	6	12
5831	0	2	6
5832	1	2	9
5833	1	5	9
5834	0	1	1
5835	1	5	9
5836	0	2	9
5837	0	2	3
5838	1	3	3
5839	0	2	6
5840	1	0	9
5841	1	5	3
5842	0	2	12
5843	0	5	6
5844	1	0	0
5845	1	2	10
5846	0	3	1
5847	1	6	12
5849	0	5	8
5850	1	2	3
5852	1	2	6
5853	0	4	15
5854	0	3	3
5856	1	2	3
5857	1	3	16
5858	0	2	12
5859	0	2	3
5860	1	2	12
5861	1	4	6
5862	1	2	5
5863	1	2	11
5865	0	2	8
5866	1	2	20
5867	1	3	10
5868	0	5	11
5869	1	2	3
5870	0	2	11
5871	1	2	12
5872	0	2	8
5873	0	6	7
5874	0	2	12
5875	0	2	12
5876	0	4	3
5877	0	6	7
5880	0	2	6
5881	0	5	8
5882	0	5	3
5883	1	6	9
5884	0	6	12
5885	0	2	6
5886	0	2	4
5887	1	5	4
5888	0	2	4
5889	0	4	4
5890	0	5	4
5891	0	6	12
5892	0	3	16
5893	0	2	3
5894	0	5	9
5895	0	2	6
5896	0	2	9
5898	1	6	9
5899	0	5	8
5900	0	2	3
5901	1	5	3
5902	0	4	1
5903	0	2	13
5904	1	3	7
5905	1	5	4
5906	1	6	12
5907	0	2	16
5908	0	2	12
5909	0	6	4
5910	1	3	4
5911	1	2	8
5912	0	2	6
5913	1	6	9
5914	0	5	16
5915	0	6	12
5916	0	4	4
5917	1	4	6
5918	0	2	7
5919	0	6	9
5920	1	2	6
5921	0	2	20
5922	0	1	10
5923	0	2	3
5924	0	5	9
5925	1	2	9
5926	1	4	3
5927	0	5	11
5928	0	3	6
5929	1	5	9
5930	1	5	8
5931	1	6	3
5932	0	6	11
5933	0	2	16
5934	0	2	11
5935	0	6	9
5936	0	6	12
5937	0	2	7
5938	0	2	6
5939	1	3	2
5940	0	4	7
5941	1	2	9
5942	0	3	6
5943	1	3	6
5944	1	6	0
5945	1	5	16
5946	1	1	6
5947	1	3	1
5948	0	1	19
5949	0	6	8
5950	0	2	12
5951	0	6	12
5953	0	0	0
5954	0	3	13
5957	0	6	4
5958	0	3	11
5959	1	6	12
5960	1	3	9
5961	1	3	9
5963	0	2	2
5964	0	6	18
5965	0	2	8
5966	1	5	5
5967	0	4	1
5968	0	1	3
5969	0	3	19
5970	0	5	13
5971	0	5	3
5972	1	2	4
5973	0	0	0
5974	1	2	6
5975	0	2	11
5976	1	2	6
5977	0	5	6
5978	0	5	6
5979	0	2	6
5980	0	1	6
5981	0	5	3
5982	0	5	6
5983	0	2	10
5984	0	2	6
5985	1	6	12
5986	1	1	6
5987	0	2	1
5989	1	0	0
5990	1	2	4
5991	1	5	4
5992	1	6	12
5993	1	4	4
5994	0	5	6
5995	1	5	6
5996	1	2	9
5997	1	2	3
5998	0	6	12
5999	1	2	6
6000	0	3	8
6002	0	4	9
6003	1	3	8
6004	1	2	2
6006	1	0	9
6007	0	5	8
6008	0	6	12
6009	1	2	7
6010	0	5	9
6011	0	5	2
6012	0	5	2
6013	1	2	4
6015	1	2	5
6016	0	3	6
6017	1	5	3
6019	0	2	9
6020	0	4	1
6021	0	2	7
6022	0	2	8
6023	0	2	9
6024	0	2	7
6025	1	2	6
6026	0	5	20
6027	0	6	12
6028	0	6	12
6030	0	2	8
6031	1	6	9
6032	0	3	3
6033	0	4	19
6035	1	2	6
6036	1	2	2
6037	1	3	6
6038	1	1	6
6039	1	3	9
6040	0	2	20
